,portfolio_value,daily_return,position_scalar,signal_type,year
2022-02-07,100691746.96003403,0.006917469600340136,0.5,extreme_greed_reduce,2022
2022-02-08,102072557.59336382,0.013713245375292366,1.0,optimistic_hold,2022
2022-02-09,103553058.88449895,0.014504400850159405,1.0,optimistic_hold,2022
2022-02-10,103379142.85252504,-0.0016794871522616268,0.5,extreme_greed_reduce,2022
2022-02-11,102326430.34057437,-0.01018302612019537,0.5,extreme_greed_reduce,2022
2022-02-14,102326953.78263001,5.115414012738959e-06,0.8,optimistic_reduce,2022
2022-02-15,102758705.23434055,0.00421933259762309,0.8,optimistic_reduce,2022
2022-02-16,103786150.31661704,0.009998618413237167,0.8,optimistic_reduce,2022
2022-02-17,103658603.72083484,-0.0012289365719134495,0.5,extreme_greed_reduce,2022
2022-02-18,104422456.58787355,0.007368928768284928,1.0,optimistic_hold,2022
2022-02-21,105834905.01974314,0.013526290014839942,1.0,optimistic_hold,2022
2022-02-22,104721125.82411171,-0.010523741627808393,1.0,optimistic_hold,2022
2022-02-23,106490638.46787754,0.016897379872881355,1.0,optimistic_hold,2022
2022-02-24,103989206.41597465,-0.0234896896843889,1.0,optimistic_hold,2022
2022-02-25,105031328.55410711,0.010021445244651558,1.0,optimistic_hold,2022
2022-02-28,105029756.28648905,-1.4969510904086319e-05,1.0,optimistic_hold,2022
2022-03-01,105465902.15432106,0.004152593353090602,0.5,extreme_greed_reduce,2022
2022-03-02,105908193.03215428,0.004193686004658056,1.0,neutral_hold,2022
2022-03-03,105680201.93335295,-0.0021527239042981147,1.0,neutral_hold,2022
2022-03-04,103913748.46748029,-0.016715084126984126,1.5,extreme_panic_leverage,2022
2022-03-07,102039601.34020263,-0.018035603131612354,1.2,panic_overweight,2022
2022-03-08,98223442.11007375,-0.037398805757832346,1.2,panic_overweight,2022
2022-03-09,96597627.66475828,-0.016552203938174886,1.2,panic_overweight,2022
2022-03-10,99125716.04025684,0.026171329841269842,1.5,extreme_panic_leverage,2022
2022-03-11,99478185.64314486,0.003555783675195601,0.5,extreme_greed_reduce,2022
2022-03-14,96846093.5900264,-0.026458987325728777,1.0,optimistic_hold,2022
2022-03-15,91966788.63358179,-0.05038205234276066,1.0,optimistic_hold,2022
2022-03-16,94766188.94222458,0.030439252584933532,1.0,optimistic_hold,2022
2022-03-17,96632388.69855438,0.019692674963087957,1.0,optimistic_hold,2022
2022-03-18,98523299.74587388,0.019568087602783047,1.5,extreme_panic_leverage,2022
2022-03-21,99175115.82965104,0.006615857218124341,0.5,extreme_greed_reduce,2022
2022-03-22,99066650.90912183,-0.001093670721953273,0.8,optimistic_reduce,2022
2022-03-23,99300897.56859513,0.002364535969709718,0.8,optimistic_reduce,2022
2022-03-24,98402961.0480832,-0.009042582116557963,0.8,optimistic_reduce,2022
2022-03-25,98053676.87043086,-0.0035495291394908473,0.8,optimistic_reduce,2022
2022-03-28,97840976.27753809,-0.0021692260778128285,0.5,extreme_greed_reduce,2022
2022-03-29,97404149.47704951,-0.004464661097099622,0.5,extreme_greed_reduce,2022
2022-03-30,98175149.58661968,0.007915474994746796,0.5,extreme_greed_reduce,2022
2022-03-31,98067737.35296667,-0.0010940878023133545,0.5,extreme_greed_reduce,2022
2022-04-01,97993065.96879369,-0.0007614266035751839,0.5,extreme_greed_reduce,2022
2022-04-06,98929612.41439575,0.009557272612536812,1.0,optimistic_hold,2022
2022-04-07,97811911.4788461,-0.011297941114616192,0.5,extreme_greed_reduce,2022
2022-04-08,97266399.21323337,-0.005577155761143818,0.8,optimistic_reduce,2022
2022-04-11,94988375.59254001,-0.02342045803195963,0.8,optimistic_reduce,2022
2022-04-12,97393163.64703266,0.025316656269691238,1.5,extreme_panic_leverage,2022
2022-04-13,94598027.35124683,-0.028699512277019938,1.5,extreme_panic_leverage,2022
2022-04-14,95004898.3496195,0.004301051615610575,0.5,extreme_greed_reduce,2022
2022-04-15,93716632.53424317,-0.013559993618807727,0.8,optimistic_reduce,2022
2022-04-18,94246786.87490968,0.00565699306868305,0.8,optimistic_reduce,2022
2022-04-19,94554409.73167498,0.003264014264736731,0.8,optimistic_reduce,2022
2022-04-20,93799324.96831074,-0.007985717064989519,0.8,optimistic_reduce,2022
2022-04-21,91005817.53973445,-0.029781743413612567,0.8,optimistic_reduce,2022
2022-04-22,89793331.26186627,-0.013323173294265384,1.5,extreme_panic_leverage,2022
2022-04-25,79713214.33178955,-0.11225908192090397,1.5,extreme_panic_leverage,2022
2022-04-26,75622883.77370831,-0.051313080175842574,1.5,extreme_panic_leverage,2022
2022-04-27,78999706.98214418,0.044653457259585166,1.5,extreme_panic_leverage,2022
2022-04-28,78334282.0572801,-0.008423131556861101,0.5,extreme_greed_reduce,2022
2022-04-29,80059487.65368578,0.022023634494334872,0.5,extreme_greed_reduce,2022
2022-05-05,81484164.73526989,0.017795231063017187,1.0,optimistic_hold,2022
2022-05-06,80650068.59259641,-0.010236297388374052,1.0,optimistic_hold,2022
2022-05-09,81711852.30151287,0.013165316873815043,0.8,optimistic_reduce,2022
2022-05-10,82410729.47362392,0.00855294736842105,0.5,extreme_greed_reduce,2022
2022-05-11,82730418.91036072,0.0038792210526315783,1.0,optimistic_hold,2022
2022-05-12,83377375.69678028,0.00782005935592507,1.0,optimistic_hold,2022
2022-05-13,84011792.02631521,0.007608974547749264,1.0,optimistic_hold,2022
2022-05-16,84206455.03729555,0.00231709152114454,1.0,optimistic_hold,2022
2022-05-17,84102776.36637463,-0.0012312437434279706,1.0,optimistic_hold,2022
2022-05-18,84715273.52182074,0.007282722187171399,1.0,optimistic_hold,2022
2022-05-19,85030355.37906002,0.0037193040185146227,0.5,extreme_greed_reduce,2022
2022-05-20,85868816.71701296,0.009860729550231189,0.8,optimistic_reduce,2022
2022-05-23,86995937.42997365,0.013126077149463946,1.0,optimistic_hold,2022
2022-05-24,83404431.8634002,-0.041283600966589624,1.0,optimistic_hold,2022
2022-05-25,84978818.8347204,0.01887653852613899,1.0,optimistic_hold,2022
2022-05-26,85345509.33394587,0.004315081149087859,1.0,optimistic_hold,2022
2022-05-27,85393580.43814673,0.000563252883204026,1.0,optimistic_hold,2022
2022-05-30,86215881.48202416,0.009629541701592624,1.0,optimistic_hold,2022
2022-05-31,87750239.72134608,0.01779670071159481,1.5,extreme_panic_leverage,2022
2022-06-01,88491069.2417986,0.008442478593848085,1.2,panic_overweight,2022
2022-06-02,89626567.52971943,0.012831784016736401,1.2,panic_overweight,2022
2022-06-06,90416866.87666467,0.008817690654985397,0.5,extreme_greed_reduce,2022
2022-06-07,90183456.44179347,-0.0025814921809841538,0.5,extreme_greed_reduce,2022
2022-06-08,90116447.5972475,-0.0007430281249999999,0.5,extreme_greed_reduce,2022
2022-06-09,88368208.80883586,-0.019399774791666668,1.0,neutral_hold,2022
2022-06-10,89846258.61355965,0.016726035580524344,1.0,neutral_hold,2022
2022-06-13,90004683.96100125,0.0017632937629937632,0.5,extreme_greed_reduce,2022
2022-06-14,90063686.02717882,0.0006555443959243087,1.0,optimistic_hold,2022
2022-06-15,89961821.28382885,-0.0011310301392641862,1.0,optimistic_hold,2022
2022-06-16,91041860.68967803,0.012005530684418557,1.5,extreme_panic_leverage,2022
2022-06-17,91279328.642274,0.002608338085327783,0.5,extreme_greed_reduce,2022
2022-06-20,92513727.33654633,0.013523310399334442,1.2,panic_overweight,2022
2022-06-21,92068401.32758337,-0.0048136208731808725,1.2,panic_overweight,2022
2022-06-22,90760611.38761894,-0.014204547066167292,1.2,panic_overweight,2022
2022-06-23,91646893.3534125,0.009765050634227489,0.5,extreme_greed_reduce,2022
2022-06-24,92648412.87227732,0.010928024750415974,1.0,optimistic_hold,2022
2022-06-27,93288400.86317405,0.006907705928853755,0.8,concern_underweight,2022
2022-06-28,94676869.13524875,0.014883611030176897,1.0,neutral_hold,2022
2022-06-29,92717941.56865047,-0.020690666944213155,1.0,neutral_hold,2022
2022-06-30,93518298.87536147,0.008632172944849116,1.0,neutral_hold,2022
2022-07-01,93320497.52426878,-0.0021151085239085243,1.5,extreme_panic_leverage,2022
2022-07-04,94210803.04348885,0.009540299750208158,1.5,extreme_panic_leverage,2022
2022-07-05,93106049.58259133,-0.011726398939488462,1.5,extreme_panic_leverage,2022
2022-07-06,91991813.60059853,-0.011967385438304945,1.5,extreme_panic_leverage,2022
2022-07-07,92938373.22495462,0.010289607165109035,1.5,extreme_panic_leverage,2022
2022-07-08,93239498.87819496,0.003240057285180573,1.5,extreme_panic_leverage,2022
2022-07-11,92125858.76907797,-0.011943866306829979,1.5,extreme_panic_leverage,2022
2022-07-12,89985509.14419173,-0.02323288654764376,1.5,extreme_panic_leverage,2022
2022-07-13,91611730.48721814,0.018072035803237862,1.5,extreme_panic_leverage,2022
2022-07-14,91935145.34459643,0.0035302777892990455,0.5,extreme_greed_reduce,2022
2022-07-15,91184084.95612238,-0.008169458868628264,0.5,extreme_greed_reduce,2022
2022-07-18,92959449.76266472,0.019470117042866022,0.8,concern_underweight,2022
2022-07-19,93427725.135116,0.005037415492957747,0.5,extreme_greed_reduce,2022
2022-07-20,94313262.41170467,0.009478313587406794,1.0,neutral_hold,2022
2022-07-21,94032433.8897502,-0.0029776143330571664,1.0,neutral_hold,2022
2022-07-22,93835757.21985567,-0.0020915833160836264,1.0,neutral_hold,2022
2022-07-25,93115944.15631643,-0.007670989022369512,1.0,neutral_hold,2022
2022-07-26,94156721.83794872,0.01117722309602649,1.0,neutral_hold,2022
2022-07-27,95030238.89775902,0.009277267121870474,1.0,neutral_hold,2022
2022-07-28,95813955.93187566,0.008247027927182456,1.0,neutral_hold,2022
2022-07-29,95574723.89815234,-0.002496839123242349,0.5,extreme_greed_reduce,2022
2022-08-01,96141135.9944212,0.0059263796238892335,1.0,optimistic_hold,2022
2022-08-02,90644523.89964676,-0.057172323146809825,1.5,extreme_panic_leverage,2022
2022-08-03,90466952.09133165,-0.001958991019818332,0.5,extreme_greed_reduce,2022
2022-08-04,91505593.08155383,0.011480888503611973,0.8,optimistic_reduce,2022
2022-08-05,92478358.42902946,0.010630665456795215,0.8,optimistic_reduce,2022
2022-08-08,93118684.79374073,0.006924067161104244,0.5,extreme_greed_reduce,2022
2022-08-09,93409664.72983404,0.0031248286714727087,0.8,optimistic_reduce,2022
2022-08-10,93680687.39060307,0.0029014413182286303,0.8,optimistic_reduce,2022
2022-08-11,94681357.31722707,0.010681709907312051,0.8,optimistic_reduce,2022
2022-08-12,94365934.57272673,-0.003331413421160972,0.8,optimistic_reduce,2022
2022-08-15,94718946.37173249,0.0037408817133443165,0.8,optimistic_reduce,2022
2022-08-16,95830625.9616743,0.011736612710818595,1.5,extreme_panic_leverage,2022
2022-08-17,96178240.78009973,0.003627387538556447,1.2,panic_overweight,2022
2022-08-18,96484818.05853172,0.003187594989733059,1.2,panic_overweight,2022
2022-08-19,94683719.43683276,-0.018667171249743486,1.5,extreme_panic_leverage,2022
2022-08-22,95186063.94527219,0.005305500369306524,0.8,concern_underweight,2022
2022-08-23,95494120.24098581,0.003236359220512821,0.8,concern_underweight,2022
2022-08-24,93213422.02629481,-0.02388312713846154,0.8,concern_underweight,2022
2022-08-25,92917544.59728079,-0.0031741934002869443,0.8,concern_underweight,2022
2022-08-26,92514045.56253314,-0.004342549477566073,0.8,concern_underweight,2022
2022-08-29,93390070.6087021,0.009469103213920164,1.2,panic_overweight,2022
2022-08-30,93042611.36937898,-0.003720515864892528,1.2,panic_overweight,2022
2022-08-31,90137220.66172121,-0.031226452749948886,1.2,panic_overweight,2022
2022-09-01,89859885.5028708,-0.003076810631772644,0.8,concern_underweight,2022
2022-09-02,91064726.88438576,0.01340800040832993,1.0,neutral_hold,2022
2022-09-05,91329873.1291819,0.002911624004898959,1.0,neutral_hold,2022
2022-09-06,91919336.57609181,0.006454223866884444,0.5,extreme_greed_reduce,2022
2022-09-07,92099512.06287767,0.0019601478154348713,0.5,extreme_greed_reduce,2022
2022-09-08,91669849.36095867,-0.0046652006323949415,0.5,extreme_greed_reduce,2022
2022-09-09,91649892.06320912,-0.00021770841654778883,0.8,optimistic_reduce,2022
2022-09-13,92085064.47479631,0.004748204299979622,1.5,extreme_panic_leverage,2022
2022-09-14,91087028.36540978,-0.010838197432762835,1.5,extreme_panic_leverage,2022
2022-09-15,88537189.34419096,-0.027993437342030168,1.2,panic_overweight,2022
2022-09-16,85550751.1175767,-0.0337308903607092,1.5,extreme_panic_leverage,2022
2022-09-19,85007089.61827952,-0.006354841917752443,0.5,extreme_greed_reduce,2022
2022-09-20,86284662.25798713,0.01502901282051282,1.0,neutral_hold,2022
2022-09-21,86473039.31845449,0.0021832044715447154,0.5,extreme_greed_reduce,2022
2022-09-22,86314908.78395334,-0.0018286686318357392,0.5,extreme_greed_reduce,2022
2022-09-23,85410108.1668172,-0.010482553128809425,0.5,extreme_greed_reduce,2022
2022-09-26,84638794.69033566,-0.009030704831506293,0.5,extreme_greed_reduce,2022
2022-09-27,85649864.87227948,0.011945706288032454,0.5,extreme_greed_reduce,2022
2022-09-28,82350089.84813718,-0.038526330766112685,1.5,extreme_panic_leverage,2022
2022-09-29,81818187.22368279,-0.006459041215805469,1.2,panic_overweight,2022
2022-09-30,80611085.78766361,-0.01475346102106969,1.2,panic_overweight,2022
2022-10-10,79163620.87641712,-0.0179561520242915,1.0,neutral_hold,2022
2022-10-11,79617634.75243182,0.005735132766646428,1.0,neutral_hold,2022
2022-10-12,81821050.86134757,0.027674975723244993,1.0,neutral_hold,2022
2022-10-13,82523942.26132579,0.008590593650151667,0.8,concern_underweight,2022
2022-10-14,84037610.58011758,0.018342171705739693,0.8,concern_underweight,2022
2022-10-17,85116982.55352162,0.012843915551061678,0.8,concern_underweight,2022
2022-10-18,85386395.85883805,0.00316521212611156,0.8,concern_underweight,2022
2022-10-19,84847126.71047275,-0.00631563310456197,0.8,concern_underweight,2022
2022-10-20,84671924.92284204,-0.0020649112636253533,0.8,concern_underweight,2022
2022-10-21,84748727.96025199,0.0009070661553985874,0.8,concern_underweight,2022
2022-10-24,83859419.50437027,-0.010493472613521695,0.8,concern_underweight,2022
2022-10-25,83719119.39598604,-0.0016730393462469737,0.5,extreme_greed_reduce,2022
2022-10-26,85460870.34652434,0.020804697458652682,1.0,neutral_hold,2022
2022-10-27,85213152.07210676,-0.002898616330645161,1.0,neutral_hold,2022
2022-10-28,82236079.2155096,-0.034936776591458496,1.0,neutral_hold,2022
2022-10-31,83166464.96363002,0.011313595650422876,1.0,neutral_hold,2022
2022-11-01,85263872.27913073,0.025219387603139465,1.0,neutral_hold,2022
2022-11-02,86424762.33174914,0.01361526308373591,1.0,neutral_hold,2022
2022-11-03,86805163.40162459,0.004401528677802375,1.0,neutral_hold,2022
2022-11-04,88287045.32419893,0.0170713568698451,1.0,neutral_hold,2022
2022-11-07,88935746.81451376,0.00734764073180539,1.0,neutral_hold,2022
2022-11-08,88898001.70025869,-0.00042440880756082836,1.0,neutral_hold,2022
2022-11-09,88933879.22726066,0.0004035808040201004,0.5,extreme_greed_reduce,2022
2022-11-10,88739529.96152033,-0.0021853231572604944,0.5,extreme_greed_reduce,2022
2022-11-11,89123942.85455453,0.004331923926134083,1.0,optimistic_hold,2022
2022-11-14,89033157.31647226,-0.0010186436458542462,1.0,optimistic_hold,2022
2022-11-15,90429786.84040806,0.015686622445292113,0.8,concern_underweight,2022
2022-11-16,90195302.39405887,-0.002593000100321027,1.5,extreme_panic_leverage,2022
2022-11-17,90726746.1021509,0.005892143980738362,1.2,panic_overweight,2022
2022-11-18,89978175.4499117,-0.008250826623897353,1.2,panic_overweight,2022
2022-11-21,90143470.22677177,0.0018370541082164329,0.5,extreme_greed_reduce,2022
2022-11-22,89605652.58687279,-0.0059662406888265915,0.5,extreme_greed_reduce,2022
2022-11-23,89319848.28995354,-0.003189578878878879,0.5,extreme_greed_reduce,2022
2022-11-24,89478730.95614125,0.0017788058223289316,0.5,extreme_greed_reduce,2022
2022-11-25,89107800.55453841,-0.0041454589,0.5,extreme_greed_reduce,2022
2022-11-28,88920418.776736,-0.0021028661535385847,0.5,extreme_greed_reduce,2022
2022-11-29,90552898.08526765,0.018358880119880117,1.0,neutral_hold,2022
2022-11-30,90500834.27142501,-0.00057495469436676,0.8,concern_underweight,2022
2022-12-01,90881805.25875117,0.004209585363418531,0.5,extreme_greed_reduce,2022
2022-12-02,91483715.38240507,0.006622999201437412,1.0,optimistic_hold,2022
2022-12-05,92179156.82717125,0.007601805871779509,1.0,optimistic_hold,2022
2022-12-06,91805388.64217994,-0.004054801517571885,1.0,optimistic_hold,2022
2022-12-07,91864082.96061622,0.0006393341317365272,0.8,concern_underweight,2022
2022-12-08,91622717.2536787,-0.0026274219385719983,0.8,concern_underweight,2022
2022-12-09,91517877.8644775,-0.0011442510366826157,0.8,concern_underweight,2022
2022-12-12,91363799.85233371,-0.0016835837514934287,0.8,concern_underweight,2022
2022-12-13,91097920.28858496,-0.0029101193708938895,0.8,concern_underweight,2022
2022-12-14,90887782.42390123,-0.002306725159235669,0.8,concern_underweight,2022
2022-12-15,91207361.1297979,0.003516189936356404,1.0,neutral_hold,2022
2022-12-16,90188516.68041651,-0.011170638386648123,1.0,neutral_hold,2022
2022-12-19,88170652.77855179,-0.022373845098429112,1.0,neutral_hold,2022
2022-12-20,87984249.91514297,-0.002114114589544822,0.5,extreme_greed_reduce,2022
2022-12-21,87317057.6850614,-0.007583087094849871,1.0,neutral_hold,2022
2022-12-22,86068279.97033675,-0.014301646755308595,1.0,neutral_hold,2022
2022-12-23,85932636.36963525,-0.0015759999008723236,0.5,extreme_greed_reduce,2022
2022-12-26,88012821.90394735,0.024207165312190283,1.5,extreme_panic_leverage,2022
2022-12-27,88585466.12328033,0.006506372673267326,1.2,panic_overweight,2022
2022-12-28,87407246.56426254,-0.013300370936448227,1.2,panic_overweight,2022
2022-12-29,87000509.17524119,-0.004653360047468355,1.2,panic_overweight,2022
2022-12-30,87683678.63091911,0.007852476521739132,1.2,panic_overweight,2022
2023-01-03,90075877.22559154,0.02728214226437463,1.2,panic_overweight,2023
2023-01-04,90534540.97358777,0.0050919709263282644,1.2,panic_overweight,2023
2023-01-05,90809855.66331244,0.003040990618210547,0.5,extreme_greed_reduce,2023
2023-01-06,90648426.24904132,-0.0017776640331819077,1.0,neutral_hold,2023
2023-01-09,91073663.2620023,0.004691057865612649,0.8,optimistic_reduce,2023
2023-01-10,90987298.91283792,-0.0009482911532385466,0.8,optimistic_reduce,2023
2023-01-11,90369855.73238237,-0.006786037038499506,0.8,optimistic_reduce,2023
2023-01-12,90406944.74764848,0.00041041357171078656,1.5,extreme_panic_leverage,2023
2023-01-13,90952499.6166859,0.006034435413786293,1.5,extreme_panic_leverage,2023
2023-01-16,92467204.87206767,0.01665380568720379,1.5,extreme_panic_leverage,2023
2023-01-17,92335346.40958346,-0.001426002469379692,1.5,extreme_panic_leverage,2023
2023-01-18,92970542.9464952,0.006879234893364929,1.5,extreme_panic_leverage,2023
2023-01-19,93910139.78093211,0.010106392892398813,1.5,extreme_panic_leverage,2023
2023-01-20,95056854.04908425,0.012210760955388866,1.5,extreme_panic_leverage,2023
2023-01-30,96589085.18408196,0.016119102092380575,1.2,panic_overweight,2023
2023-01-31,96837726.1611263,0.002574214017769003,0.5,extreme_greed_reduce,2023
2023-02-01,97642048.21707165,0.00830587507400829,0.5,extreme_greed_reduce,2023
2023-02-02,97873397.85805318,0.0023693648915187374,1.0,optimistic_hold,2023
2023-02-03,97883573.89063257,0.00010397138346161469,1.0,optimistic_hold,2023
2023-02-06,97673527.7327183,-0.0021458774906293154,1.0,optimistic_hold,2023
2023-02-07,98359842.8617331,0.007026623742851508,1.0,optimistic_hold,2023
2023-02-08,97897615.53127132,-0.004699350029579965,1.0,optimistic_hold,2023
2023-02-09,99261335.60421754,0.013930064236453201,1.0,optimistic_hold,2023
2023-02-10,99169605.92778012,-0.0009241229314420806,1.0,optimistic_hold,2023
2023-02-13,100203693.58506413,0.010427465629308645,1.0,optimistic_hold,2023
2023-02-14,100284784.68231833,0.0008092625566279301,1.0,optimistic_hold,2023
2023-02-15,100401048.75532703,0.0011593391098857816,0.5,extreme_greed_reduce,2023
2023-02-16,98225767.23763779,-0.02166592425732835,1.0,neutral_hold,2023
2023-02-17,97728155.23037715,-0.005066002753195673,1.0,neutral_hold,2023
2023-02-20,98688023.85349788,0.009821822798742138,0.8,concern_underweight,2023
2023-02-21,98991054.64407864,0.0030705933582236195,0.8,concern_underweight,2023
2023-02-22,99081796.83305554,0.0009166705951679435,0.5,extreme_greed_reduce,2023
2023-02-23,98877632.80607043,-0.00206056040070713,1.0,neutral_hold,2023
2023-02-24,98634166.87703271,-0.0024622952848722987,1.0,neutral_hold,2023
2023-02-27,97781363.83645797,-0.008646122003929273,1.0,neutral_hold,2023
2023-02-28,98687389.82329808,0.009265835035349569,1.0,neutral_hold,2023
2023-03-01,99564529.46599793,0.008888062033765213,1.0,neutral_hold,2023
2023-03-02,99189958.93368341,-0.003762088108320252,1.0,neutral_hold,2023
2023-03-03,99189623.14346536,-3.3853247008043986e-06,1.0,neutral_hold,2023
2023-03-06,99341014.68150397,0.0015262840329540997,1.0,neutral_hold,2023
2023-03-07,97384538.18750526,-0.01969454912727986,1.0,neutral_hold,2023
2023-03-08,98249799.10278596,0.008884992745098038,1.0,neutral_hold,2023
2023-03-09,98516286.39933619,0.002712344442266223,1.0,neutral_hold,2023
2023-03-10,97259499.96345684,-0.012757143836958652,1.0,neutral_hold,2023
2023-03-13,97469212.02829103,0.0021562116288175413,1.0,neutral_hold,2023
2023-03-14,96568053.7944733,-0.009245568062622311,0.8,concern_underweight,2023
2023-03-15,97354804.38087504,0.008147110307060435,1.0,neutral_hold,2023
2023-03-16,95859687.12162441,-0.015357406023860746,1.0,neutral_hold,2023
2023-03-17,96559159.21320632,0.007296832616347282,1.0,neutral_hold,2023
2023-03-20,96205129.53082804,-0.0036664536566288625,1.0,neutral_hold,2023
2023-03-21,98388566.93269299,0.022695644322845415,1.5,extreme_panic_leverage,2023
2023-03-22,99245619.14266424,0.008710892298670836,1.5,extreme_panic_leverage,2023
2023-03-23,99271681.35439302,0.00026260314514553625,0.5,extreme_greed_reduce,2023
2023-03-24,99393542.0353936,0.001227547265625,1.0,optimistic_hold,2023
2023-03-27,99380626.65768486,-0.00012994181960171815,1.0,optimistic_hold,2023
2023-03-28,98976579.6373539,-0.004065651766543041,0.5,extreme_greed_reduce,2023
2023-03-29,98592215.03838542,-0.0038833893874365977,1.0,neutral_hold,2023
2023-03-30,98247904.50012675,-0.0034922690206788923,1.0,neutral_hold,2023
2023-03-31,99579114.88464947,0.01354950409676161,1.5,extreme_panic_leverage,2023
2023-04-03,100354619.78756183,0.007787826833073323,0.8,concern_underweight,2023
2023-04-04,99719504.86990899,-0.006328706331579973,0.8,concern_underweight,2023
2023-04-06,99680754.70568351,-0.0003885916228326516,0.8,optimistic_reduce,2023
2023-04-07,101161185.57684119,0.014851722135619642,1.5,extreme_panic_leverage,2023
2023-04-10,100357791.04685837,-0.007941727110073902,0.8,concern_underweight,2023
2023-04-11,100456978.4822447,0.0009883381683842118,0.8,concern_underweight,2023
2023-04-12,101680386.52709134,0.012178427654609102,1.5,extreme_panic_leverage,2023
2023-04-13,101317998.19879244,-0.003563994401244169,0.8,concern_underweight,2023
2023-04-14,101534429.54111786,0.0021361588875923763,0.5,extreme_greed_reduce,2023
2023-04-17,101593320.49717267,0.0005800097200622086,1.0,optimistic_hold,2023
2023-04-18,101322040.65206192,-0.002670252766453116,0.5,extreme_greed_reduce,2023
2023-04-19,100955675.5156177,-0.003615848378955543,1.0,optimistic_hold,2023
2023-04-20,100232579.66704823,-0.007162508149010476,1.5,extreme_panic_leverage,2023
2023-04-21,96283113.03517342,-0.03940302289928197,1.5,extreme_panic_leverage,2023
2023-04-24,95921308.35605323,-0.0037577168800931315,0.8,concern_underweight,2023
2023-04-25,94304301.4975083,-0.01685763972841901,0.8,concern_underweight,2023
2023-04-26,94966270.2908561,0.007019497338255296,0.8,concern_underweight,2023
2023-04-27,94987164.5395697,0.00022001757728951966,0.8,concern_underweight,2023
2023-04-28,95870456.13552247,0.009299062670565302,0.5,extreme_greed_reduce,2023
2023-05-04,96364507.2353886,0.005153319591676481,1.0,neutral_hold,2023
2023-05-05,95696890.19405791,-0.006928038761199844,1.0,neutral_hold,2023
2023-05-08,96296412.92901088,0.006264808958130476,1.0,optimistic_hold,2023
2023-05-09,94802382.37445205,-0.015514913890512369,1.0,optimistic_hold,2023
2023-05-10,95164024.01631674,0.003814689386562805,1.0,optimistic_hold,2023
2023-05-11,95705941.71877326,0.0056945648112105875,1.0,optimistic_hold,2023
2023-05-12,94877925.76335979,-0.008651667185372497,1.0,optimistic_hold,2023
2023-05-15,95275445.91300525,0.0041898064955270325,0.5,extreme_greed_reduce,2023
2023-05-16,94608066.01533036,-0.007004741791334758,1.0,neutral_hold,2023
2023-05-17,95534228.22393377,0.009789463495145631,1.0,neutral_hold,2023
2023-05-18,96014547.0147074,0.005027714147098778,1.0,neutral_hold,2023
2023-05-19,96206333.98671582,0.001997478277734678,1.0,neutral_hold,2023
2023-05-22,96633494.51231119,0.004440045763040528,1.0,neutral_hold,2023
2023-05-23,95872122.05616851,-0.007878970536925762,1.0,neutral_hold,2023
2023-05-24,95857637.6658747,-0.00015108031389265647,0.5,extreme_greed_reduce,2023
2023-05-25,95763371.18700066,-0.0009834008136381247,1.5,extreme_panic_leverage,2023
2023-05-26,96265489.8349769,0.0052433267725687715,1.2,panic_overweight,2023
2023-05-29,95771895.41515389,-0.0051274285381930984,1.2,panic_overweight,2023
2023-05-30,95962411.4399112,0.001989268604651163,0.5,extreme_greed_reduce,2023
2023-05-31,95865370.25521134,-0.0010112416230873523,0.5,extreme_greed_reduce,2023
2023-06-01,96156452.13477868,0.0030363610842207163,1.0,neutral_hold,2023
2023-06-02,97335487.83441225,0.012261638958776851,1.5,extreme_panic_leverage,2023
2023-06-05,97617101.63322015,0.0028932284110702537,0.8,concern_underweight,2023
2023-06-06,96118957.60388799,-0.015347147213622292,0.8,concern_underweight,2023
2023-06-07,96460987.49605392,0.003558402012383901,0.8,concern_underweight,2023
2023-06-08,96211496.04957607,-0.002586449226305609,0.5,extreme_greed_reduce,2023
2023-06-09,96975663.77849938,0.007942582334750677,1.5,extreme_panic_leverage,2023
2023-06-12,97482965.8685596,0.005231230911901082,0.8,concern_underweight,2023
2023-06-13,97796012.73605026,0.0032112981452859356,0.8,concern_underweight,2023
2023-06-14,97857022.05467078,0.0006238425976034017,0.8,concern_underweight,2023
2023-06-15,98150754.31934437,0.0030016472860730156,0.8,concern_underweight,2023
2023-06-16,98704296.51871112,0.005639714164251208,0.8,concern_underweight,2023
2023-06-19,98742808.48332255,0.0003901751592356686,1.5,extreme_panic_leverage,2023
2023-06-20,98534608.3381225,-0.002108509453984179,0.5,extreme_greed_reduce,2023
2023-06-21,96501813.33848469,-0.020630264167309176,1.5,extreme_panic_leverage,2023
2023-06-26,95681336.55302663,-0.00850219034309946,0.5,extreme_greed_reduce,2023
2023-06-27,96562569.62537263,0.009210083220959352,0.5,extreme_greed_reduce,2023
2023-06-28,96441021.94143248,-0.00125874533384645,0.5,extreme_greed_reduce,2023
2023-06-29,97196348.41111606,0.00783200400076938,0.8,optimistic_reduce,2023
2023-06-30,98098295.14221089,0.009279635972328977,0.8,optimistic_reduce,2023
2023-07-03,98425315.76967242,0.0033336015369836696,0.8,concern_underweight,2023
2023-07-04,98974514.496634,0.005579852324241261,0.8,concern_underweight,2023
2023-07-05,98539594.4542194,-0.004394262953716152,0.8,concern_underweight,2023
2023-07-06,98470837.99688114,-0.0006977546205571566,0.8,concern_underweight,2023
2023-07-07,97752403.83850917,-0.007295907834101382,1.5,extreme_panic_leverage,2023
2023-07-10,97796987.11666146,0.00045608370128623533,0.5,extreme_greed_reduce,2023
2023-07-11,98419805.38133673,0.006368481105990783,0.8,optimistic_reduce,2023
2023-07-12,96790391.10762149,-0.0165557559009787,1.5,extreme_panic_leverage,2023
2023-07-13,97566121.24551526,0.008014536660268716,0.8,concern_underweight,2023
2023-07-14,97613219.21134526,0.0004827286893110727,0.8,concern_underweight,2023
2023-07-17,97435487.80261369,-0.001820771921749137,0.8,optimistic_reduce,2023
2023-07-18,97437904.905353,2.4807211354046757e-05,0.8,optimistic_reduce,2023
2023-07-19,97325504.83978575,-0.001153555853611803,0.8,optimistic_reduce,2023
2023-07-20,96837818.1598774,-0.005010882612026044,0.5,extreme_greed_reduce,2023
2023-07-21,96535586.9028838,-0.0031210044044427425,1.0,neutral_hold,2023
2023-07-24,96489175.76065028,-0.00048076718361095164,1.0,optimistic_hold,2023
2023-07-25,98057593.35438919,0.01625485533869116,1.0,optimistic_hold,2023
2023-07-26,97704364.23566104,-0.0036022617590822184,1.0,optimistic_hold,2023
2023-07-27,96765365.40239425,-0.009610613001912047,1.5,extreme_panic_leverage,2023
2023-07-28,97605192.54137501,0.008679005504587155,1.2,panic_overweight,2023
2023-07-31,98405278.85200015,0.008197169533639144,1.0,optimistic_hold,2023
2023-08-01,98220329.88194628,-0.001879461876552647,0.8,concern_underweight,2023
2023-08-02,98097074.55665174,-0.0012548860856269111,1.0,neutral_hold,2023
2023-08-03,98036872.7099235,-0.0006136966571155685,1.0,neutral_hold,2023
2023-08-04,98138367.34837653,0.0010352700534759357,1.0,neutral_hold,2023
2023-08-07,97581256.45030701,-0.005676789956081726,1.0,neutral_hold,2023
2023-08-08,97413956.58047025,-0.0017144672647451803,1.0,neutral_hold,2023
2023-08-09,97107130.7470778,-0.003149711234026321,1.0,neutral_hold,2023
2023-08-10,97461308.42257966,0.0036472880289744563,1.0,neutral_hold,2023
2023-08-11,95954920.82512641,-0.01545626281684772,1.0,neutral_hold,2023
2023-08-14,96460484.10988508,0.005268758292032024,1.5,extreme_panic_leverage,2023
2023-08-15,95872489.20903152,-0.006095707545731708,1.2,panic_overweight,2023
2023-08-16,94583639.87052895,-0.013443369929537229,1.5,extreme_panic_leverage,2023
2023-08-17,96029365.27168314,0.015285152941176472,1.2,panic_overweight,2023
2023-08-18,95452083.66439722,-0.006011511225266362,0.5,extreme_greed_reduce,2023
2023-08-21,95141180.40094435,-0.0032571658105022836,0.5,extreme_greed_reduce,2023
2023-08-22,95228439.73992714,0.0009171563629446451,0.5,extreme_greed_reduce,2023
2023-08-23,93628474.64919493,-0.01680133681809542,1.0,optimistic_hold,2023
2023-08-24,93575836.23489705,-0.0005622051891275423,0.5,extreme_greed_reduce,2023
2023-08-25,92152624.3620854,-0.01520918145191942,0.8,optimistic_reduce,2023
2023-08-28,92815884.21747194,0.007197406042181266,0.8,optimistic_reduce,2023
2023-08-29,95430904.19831774,0.02817427213987078,0.8,optimistic_reduce,2023
2023-08-30,95992882.9861172,0.005888855319148936,0.8,optimistic_reduce,2023
2023-08-31,95782419.79372832,-0.0021924874620060787,0.5,extreme_greed_reduce,2023
2023-09-01,95951410.63625725,0.001764320037986705,1.0,optimistic_hold,2023
2023-09-04,97378650.75756578,0.014874613221884497,1.0,optimistic_hold,2023
2023-09-05,96664171.6903976,-0.007337122270742358,1.5,extreme_panic_leverage,2023
2023-09-06,97050982.9223983,0.004001598785117691,0.8,concern_underweight,2023
2023-09-07,95757986.77501056,-0.013322854735243878,0.8,concern_underweight,2023
2023-09-08,95968966.73136315,0.0022032622390891843,0.8,concern_underweight,2023
2023-09-11,96652535.61642978,0.007122811762473914,0.8,optimistic_reduce,2023
2023-09-12,96577682.05556326,-0.0007744603945371776,0.8,concern_underweight,2023
2023-09-13,95760033.68029378,-0.008466224886191198,0.8,concern_underweight,2023
2023-09-14,95393988.82677864,-0.0038225221885074905,0.5,extreme_greed_reduce,2023
2023-09-15,95473099.74542385,0.0008293071672354948,0.5,extreme_greed_reduce,2023
2023-09-18,96105218.01685873,0.0066209044549763035,1.0,neutral_hold,2023
2023-09-19,95185970.44051155,-0.009565012132701422,1.0,neutral_hold,2023
2023-09-20,94526305.29395673,-0.006930277051354937,1.0,neutral_hold,2023
2023-09-21,93887006.64441171,-0.00676318245547556,1.0,neutral_hold,2023
2023-09-22,95601359.53605579,0.018259745974616402,1.0,neutral_hold,2023
2023-09-25,95184135.01449576,-0.004364211174242423,1.0,neutral_hold,2023
2023-09-26,94785996.26958461,-0.004182826737360348,1.0,neutral_hold,2023
2023-09-27,95165970.60583611,0.00400876027267563,1.0,neutral_hold,2023
2023-09-28,95637571.16852154,0.004955558795682636,0.5,extreme_greed_reduce,2023
2023-10-09,94961744.82195248,-0.007066536072713501,1.5,extreme_panic_leverage,2023
2023-10-10,94744424.08536725,-0.002288508251324754,0.8,concern_underweight,2023
2023-10-11,94926119.86660427,0.001917746431951543,0.8,concern_underweight,2023
2023-10-12,95324236.83714426,0.004193966540499622,0.8,concern_underweight,2023
2023-10-13,94821451.3233754,-0.0052744771996215715,0.8,concern_underweight,2023
2023-10-16,94349790.3130814,-0.004974201551561022,0.8,concern_underweight,2023
2023-10-17,94246352.66245109,-0.0010963209381501795,0.8,concern_underweight,2023
2023-10-18,93407456.62392984,-0.008901098183881953,0.5,extreme_greed_reduce,2023
2023-10-19,92988992.23374504,-0.004479989128379656,0.5,extreme_greed_reduce,2023
2023-10-20,92570881.06425615,-0.004496351228733459,0.5,extreme_greed_reduce,2023
2023-10-23,90812184.84488276,-0.018998373993573996,0.8,optimistic_reduce,2023
2023-10-24,91894749.35562557,0.011920916918714556,0.5,extreme_greed_reduce,2023
2023-10-25,92529710.42624651,0.006909655612244898,0.5,extreme_greed_reduce,2023
2023-10-26,92674647.35955095,0.0015663826530612243,0.5,extreme_greed_reduce,2023
2023-10-27,93478524.86470865,0.008674190062346494,0.5,extreme_greed_reduce,2023
2023-10-30,94414119.28805077,0.010008656262988856,0.8,optimistic_reduce,2023
2023-10-31,94141874.0500529,-0.00288352250755287,0.8,optimistic_reduce,2023
2023-11-01,94433302.24873641,0.0030956277599547086,1.5,extreme_panic_leverage,2023
2023-11-02,93712249.5430142,-0.007635576523872429,0.8,concern_underweight,2023
2023-11-03,94768177.49029464,0.011267768647425014,0.8,concern_underweight,2023
2023-11-06,96275258.83203131,0.01590282077431539,0.8,concern_underweight,2023
2023-11-07,96704126.47645487,0.004454598716496792,0.8,concern_underweight,2023
2023-11-08,96958365.91197707,0.002629044331258253,0.8,concern_underweight,2023
2023-11-09,96689125.50030771,-0.0027768662264150944,0.5,extreme_greed_reduce,2023
2023-11-10,96617492.77527156,-0.0007408560648934164,0.5,extreme_greed_reduce,2023
2023-11-13,98111111.45071423,0.015459091646237978,1.5,extreme_panic_leverage,2023
2023-11-14,98798875.86269951,0.007010056270035828,1.2,panic_overweight,2023
2023-11-15,99555569.47626291,0.007658929385137684,1.2,panic_overweight,2023
2023-11-16,98659249.76689766,-0.00900321010748633,1.2,panic_overweight,2023
2023-11-17,99613162.5710995,0.009668761990950228,1.2,panic_overweight,2023
2023-11-20,100715782.99553572,0.011069023369770071,1.0,optimistic_hold,2023
2023-11-21,100522646.28883739,-0.001917640919366993,1.0,optimistic_hold,2023
2023-11-22,99943475.06112173,-0.005761599491237987,1.5,extreme_panic_leverage,2023
2023-11-23,100386155.35974276,0.004429306649086457,0.5,extreme_greed_reduce,2023
2023-11-24,100079860.09684369,-0.003051170371067998,0.5,extreme_greed_reduce,2023
2023-11-27,100451852.80059145,0.0037169586706834873,0.5,extreme_greed_reduce,2023
2023-11-28,100751566.60789326,0.002983656338293464,0.5,extreme_greed_reduce,2023
2023-11-29,99346018.96860184,-0.013950628130295614,1.5,extreme_panic_leverage,2023
2023-11-30,98669959.33937776,-0.00680510035774807,1.2,panic_overweight,2023
2023-12-01,99116701.99271102,0.0045276460669928485,1.2,panic_overweight,2023
2023-12-04,99118696.43645336,2.0122176204819258e-05,0.5,extreme_greed_reduce,2023
2023-12-05,98526225.00439848,-0.005977393300715093,0.5,extreme_greed_reduce,2023
2023-12-06,98997670.17336135,0.00478497140169332,1.0,optimistic_hold,2023
2023-12-07,98889400.31767434,-0.0010936606437041217,1.0,optimistic_hold,2023
2023-12-08,98188417.61350319,-0.007088552483069978,1.0,optimistic_hold,2023
2023-12-11,99043304.35106392,0.008706594508181306,1.0,optimistic_hold,2023
2023-12-12,99612581.35104722,0.005747758555848063,1.0,optimistic_hold,2023
2023-12-13,99237647.68368307,-0.0037639187969924818,1.0,optimistic_hold,2023
2023-12-14,99126790.57915941,-0.001117087185268696,1.0,optimistic_hold,2023
2023-12-15,98782232.50453584,-0.003475932919954904,1.0,optimistic_hold,2023
2023-12-18,97139418.16028596,-0.016630666290868096,1.5,extreme_panic_leverage,2023
2023-12-19,97345882.01184255,0.0021254384210526315,1.2,panic_overweight,2023
2023-12-20,96468287.74116823,-0.009015217208341161,1.2,panic_overweight,2023
2023-12-21,96675114.00336424,0.002143981893313297,1.2,panic_overweight,2023
2023-12-22,95357789.15655906,-0.013626307663410967,1.2,panic_overweight,2023
2023-12-25,95302129.83236918,-0.000583689331329827,1.2,panic_overweight,2023
2023-12-26,94018206.26210259,-0.01347213931656027,1.2,panic_overweight,2023
2023-12-27,94362170.36069116,0.0036584839496902567,0.5,extreme_greed_reduce,2023
2023-12-28,95831960.3037018,0.015576050629107982,0.8,optimistic_reduce,2023
2023-12-29,98193650.17513278,0.024644073479729734,1.5,extreme_panic_leverage,2023
2024-01-02,98373304.35047732,0.0018295905593093092,0.5,extreme_greed_reduce,2024
2024-01-03,98056612.66519529,-0.0032192848189153698,0.8,concern_underweight,2024
2024-01-04,97910657.97332229,-0.0014884737286545318,0.5,extreme_greed_reduce,2024
2024-01-05,96140933.81349209,-0.01807488782592384,1.0,optimistic_hold,2024
2024-01-08,93139336.70903486,-0.031220802476083286,1.5,extreme_panic_leverage,2024
2024-01-09,93411125.47709437,0.0029180878634402553,0.8,concern_underweight,2024
2024-01-10,92841123.50991622,-0.006102077929870618,0.8,concern_underweight,2024
2024-01-11,94088177.77386668,0.013432132408622306,0.8,concern_underweight,2024
2024-01-12,93208096.51067679,-0.009353792198049512,0.8,concern_underweight,2024
2024-01-15,92934605.841719,-0.002934194337146071,0.8,optimistic_reduce,2024
2024-01-16,92931603.61671346,-3.2304704779756834e-05,0.8,optimistic_reduce,2024
2024-01-17,91100603.93713975,-0.019702658819119027,0.8,optimistic_reduce,2024
2024-01-18,90777221.05479994,-0.003549733683027351,0.8,optimistic_reduce,2024
2024-01-19,90020882.58133247,-0.008331809067066317,0.8,optimistic_reduce,2024
2024-01-22,85928195.35539714,-0.04546375361558636,0.8,optimistic_reduce,2024
2024-01-23,86166424.82194197,0.0027724248782315477,0.8,optimistic_reduce,2024
2024-01-24,87170594.45077233,0.011653838846225886,0.8,optimistic_reduce,2024
2024-01-25,89526492.59785481,0.027026294382022472,0.8,optimistic_reduce,2024
2024-01-26,89230003.42289151,-0.00331174791237596,0.8,optimistic_reduce,2024
2024-01-29,86887866.37818754,-0.02624831284163235,0.8,concern_underweight,2024
2024-01-30,84755933.01601303,-0.024536606214900787,0.8,concern_underweight,2024
2024-01-31,81752223.11805174,-0.0354395237132697,0.8,concern_underweight,2024
2024-02-01,81089591.05407786,-0.008105370578326783,0.5,extreme_greed_reduce,2024
2024-02-02,77579927.57838763,-0.04328130688622755,1.0,optimistic_hold,2024
2024-02-05,71360944.51516546,-0.08016226951151038,1.0,optimistic_hold,2024
2024-02-06,73465177.17157875,0.029487174962574844,1.0,optimistic_hold,2024
2024-02-07,72445225.6040788,-0.01388346978484565,1.0,optimistic_hold,2024
2024-02-08,79591164.71638829,0.09863920020572284,1.5,extreme_panic_leverage,2024
2024-02-19,81705252.79551183,0.026561843725453522,0.8,concern_underweight,2024
2024-02-20,82597774.60888389,0.010923677276977746,0.8,concern_underweight,2024
2024-02-21,83663620.37057653,0.012904049373480456,0.8,concern_underweight,2024
2024-02-22,85132780.5319428,0.01756032257340565,0.8,concern_underweight,2024
2024-02-23,86856365.51912673,0.020245843920688362,0.8,concern_underweight,2024
2024-02-26,87853930.03588939,0.011485220579981291,0.8,concern_underweight,2024
2024-02-27,89893678.16020346,0.023217494350916575,0.8,concern_underweight,2024
2024-02-28,85646344.19038336,-0.047248416760194534,0.8,concern_underweight,2024
2024-02-29,88218294.25558671,0.030029887317620657,0.8,concern_underweight,2024
2024-03-01,88998041.80395167,0.00883884181784178,0.8,concern_underweight,2024
2024-03-04,89051532.63972697,0.0006010338507574342,0.8,concern_underweight,2024
2024-03-05,87908252.69696416,-0.012838408378530017,0.8,concern_underweight,2024
2024-03-06,88646963.99705753,0.008403207633302151,0.8,concern_underweight,2024
2024-03-07,88004017.25615905,-0.007252890701590272,0.8,concern_underweight,2024
2024-03-08,88731787.53790258,0.008269739319117097,0.8,concern_underweight,2024
2024-03-11,90105195.61619687,0.015478196894293734,0.8,concern_underweight,2024
2024-03-12,90949272.40066414,0.009367681615859361,0.8,concern_underweight,2024
2024-03-13,91003812.39581425,0.0005996748925032718,0.5,extreme_greed_reduce,2024
2024-03-14,90595070.34956565,-0.00449148266965788,0.8,optimistic_reduce,2024
2024-03-15,91740680.84560429,0.012645395512341062,0.8,optimistic_reduce,2024
2024-03-18,93165688.04850663,0.015532991359640919,0.8,optimistic_reduce,2024
2024-03-19,93024471.06390508,-0.0015157617311647037,0.5,extreme_greed_reduce,2024
2024-03-20,93556557.3194546,0.0057198525233644855,0.5,extreme_greed_reduce,2024
2024-03-21,93565938.34038025,0.0001002711214953271,0.5,extreme_greed_reduce,2024
2024-03-22,92900132.30485433,-0.007115901869158879,0.5,extreme_greed_reduce,2024
2024-03-25,90634072.22523455,-0.02439243113436741,1.0,neutral_hold,2024
2024-03-26,90586351.69274624,-0.0005265186846038864,1.0,neutral_hold,2024
2024-03-27,86425025.40145977,-0.04593767398206947,1.5,extreme_panic_leverage,2024
2024-03-28,89377482.08200602,0.03416205742296918,1.5,extreme_panic_leverage,2024
2024-03-29,90997824.60555993,0.018129203081232493,1.5,extreme_panic_leverage,2024
2024-04-01,93940285.42557484,0.03233550728019413,1.5,extreme_panic_leverage,2024
2024-04-02,93762157.28702039,-0.00189618477043673,1.2,panic_overweight,2024
2024-04-03,92848879.22662842,-0.009740369535187606,1.2,panic_overweight,2024
2024-04-08,90126286.56318317,-0.029322838208955218,1.2,panic_overweight,2024
2024-04-09,91677045.44596913,0.017206510352546167,1.2,panic_overweight,2024
2024-04-10,90827850.54186489,-0.009262895635142697,0.5,extreme_greed_reduce,2024
2024-04-11,90963306.39082548,0.001491347071988064,1.0,neutral_hold,2024
2024-04-12,90292005.87545247,-0.007379904513241328,1.0,neutral_hold,2024
2024-04-15,87299425.91332676,-0.03314335453189109,1.0,neutral_hold,2024
2024-04-16,81724120.0399724,-0.06386417568071615,1.0,neutral_hold,2024
2024-04-17,86584859.75080368,0.05947741876515575,1.0,neutral_hold,2024
2024-04-18,86448675.3841464,-0.0015728427238805973,1.0,neutral_hold,2024
2024-04-19,85888308.51969752,-0.006482075774542739,1.0,neutral_hold,2024
2024-04-22,85616909.10445775,-0.0031599110509613593,0.5,extreme_greed_reduce,2024
2024-04-23,86201239.58564386,0.006824942494398805,1.0,optimistic_hold,2024
2024-04-24,87784671.41071607,0.018369014560388277,1.0,optimistic_hold,2024
2024-04-25,87945240.97000954,0.001829129809488233,0.5,extreme_greed_reduce,2024
2024-04-26,89818489.23827258,0.02130016641721235,1.5,extreme_panic_leverage,2024
2024-04-29,91040512.47170724,0.013605475262368815,0.5,extreme_greed_reduce,2024
2024-04-30,90251656.84926647,-0.008664885566037735,1.5,extreme_panic_leverage,2024
2024-05-06,91209049.08654194,0.010608029488859765,0.5,extreme_greed_reduce,2024
2024-05-07,91482641.04633749,0.0029996142108219435,0.5,extreme_greed_reduce,2024
2024-05-08,90559436.17617568,-0.010091585240681775,0.8,concern_underweight,2024
2024-05-09,91526299.05020201,0.010676555805243446,0.8,concern_underweight,2024
2024-05-10,90722249.85078526,-0.008784897977528091,0.8,concern_underweight,2024
2024-05-13,89272507.3635895,-0.015980010301554597,1.0,neutral_hold,2024
2024-05-14,89977849.02648324,0.00790099532010483,1.0,neutral_hold,2024
2024-05-15,89332404.85786103,-0.0071733673965936745,1.0,neutral_hold,2024
2024-05-16,89733633.19362612,0.004491408648446275,1.0,neutral_hold,2024
2024-05-17,90317253.20172328,0.006503915949082742,0.5,extreme_greed_reduce,2024
2024-05-20,90602411.09710358,0.003157291494941926,1.0,optimistic_hold,2024
2024-05-21,89242095.53842741,-0.015014120951132744,1.5,extreme_panic_leverage,2024
2024-05-22,89619977.6970832,0.004234348783227255,0.8,concern_underweight,2024
2024-05-23,88321992.05240072,-0.014483217671284167,0.8,concern_underweight,2024
2024-05-24,87605492.1894978,-0.008112360763758892,0.8,concern_underweight,2024
2024-05-27,88005063.14927173,0.004561026367041199,0.8,concern_underweight,2024
2024-05-28,87320345.32579674,-0.007780436704119851,0.8,concern_underweight,2024
2024-05-29,87461836.15224494,0.001620364943820225,0.8,concern_underweight,2024
2024-05-30,87018425.07309476,-0.0050697664107844966,0.8,concern_underweight,2024
2024-05-31,87474739.13463883,0.005243878651685394,0.8,concern_underweight,2024
2024-06-03,86166063.24185817,-0.014960614981273407,0.8,concern_underweight,2024
2024-06-04,85684458.50367558,-0.005589262408690766,0.8,concern_underweight,2024
2024-06-05,84484684.1796565,-0.014002239670658681,0.8,concern_underweight,2024
2024-06-06,82050948.03596923,-0.028806832472876916,0.8,concern_underweight,2024
2024-06-07,83271858.19410685,0.01487990312558488,0.8,concern_underweight,2024
2024-06-11,83813045.85006097,0.006499046228710461,1.0,optimistic_hold,2024
2024-06-12,84906750.64103448,0.01304933832055358,1.0,optimistic_hold,2024
2024-06-13,84622650.95461951,-0.003346020007479432,1.0,optimistic_hold,2024
2024-06-14,84695380.16013612,0.0008594531688166013,1.0,optimistic_hold,2024
2024-06-17,84081239.53915899,-0.007251170250560957,1.5,extreme_panic_leverage,2024
2024-06-18,84609063.90844421,0.006277552188552188,0.5,extreme_greed_reduce,2024
2024-06-19,84305445.51889835,-0.003588485388213283,0.8,optimistic_reduce,2024
2024-06-20,83055744.26469256,-0.01482349386227545,0.8,optimistic_reduce,2024
2024-06-21,82988841.3939808,-0.0008055176833832334,1.5,extreme_panic_leverage,2024
2024-06-24,79369182.21608928,-0.04361621535005616,1.2,panic_overweight,2024
2024-06-25,79394596.92868239,0.0003202088251826869,1.5,extreme_panic_leverage,2024
2024-06-26,81158951.60741061,0.022222603892215573,0.8,concern_underweight,2024
2024-06-27,79969550.30732729,-0.014655207793180967,0.8,concern_underweight,2024
2024-06-28,80265194.90283951,0.0036969645868465428,0.8,concern_underweight,2024
2024-07-01,81235775.9398985,0.012092178163074039,1.5,extreme_panic_leverage,2024
2024-07-02,81253246.99161182,0.00021506597938144326,1.5,extreme_panic_leverage,2024
2024-07-03,80242654.59098926,-0.012437563273340831,1.5,extreme_panic_leverage,2024
2024-07-04,77152653.3691739,-0.03850821283973757,1.5,extreme_panic_leverage,2024
2024-07-05,77564554.96128283,0.005338787120359955,0.5,extreme_greed_reduce,2024
2024-07-08,74436060.95826761,-0.04033406759797487,1.5,extreme_panic_leverage,2024
2024-07-09,76017200.30653141,0.02124157737404008,1.2,panic_overweight,2024
2024-07-10,75380964.77703114,-0.00836962591275042,1.2,panic_overweight,2024
2024-07-11,78147275.81574641,0.03669773989889534,1.2,panic_overweight,2024
2024-07-12,77883656.44967842,-0.003373366036322786,1.5,extreme_panic_leverage,2024
2024-07-15,76986947.69781697,-0.011513439311119431,0.8,concern_underweight,2024
2024-07-16,77230923.07633148,0.003169048596031449,0.8,concern_underweight,2024
2024-07-17,76880076.55847462,-0.00454282434912905,0.8,concern_underweight,2024
2024-07-18,76792473.10879385,-0.0011394818215892052,0.5,extreme_greed_reduce,2024
2024-07-19,77230452.68175523,0.005703417994376757,1.0,optimistic_hold,2024
2024-07-22,77402019.18401979,0.0022214877202849643,0.5,extreme_greed_reduce,2024
2024-07-23,76166898.13951926,-0.015957219947506564,0.8,optimistic_reduce,2024
2024-07-24,75209011.37081283,-0.012576155680539934,0.8,optimistic_reduce,2024
2024-07-25,75838708.83321828,0.008372633158289573,1.5,extreme_panic_leverage,2024
2024-07-26,77305766.39407118,0.01934444274465692,1.2,panic_overweight,2024
2024-07-29,77338280.57308324,0.00042059189797449375,0.5,extreme_greed_reduce,2024
2024-07-30,78015857.42597981,0.008761209169323082,1.5,extreme_panic_leverage,2024
2024-07-31,81121693.72550583,0.039810320645040316,1.2,panic_overweight,2024
2024-08-01,81183323.78524326,0.0007597235327207948,1.2,panic_overweight,2024
2024-08-02,79918280.73308213,-0.015582548153701968,1.2,panic_overweight,2024
2024-08-05,77525811.6790415,-0.029936442977686106,1.2,panic_overweight,2024
2024-08-06,79296974.3781384,0.022846103262092236,1.2,panic_overweight,2024
2024-08-07,79324549.99833456,0.0003477512277413308,1.2,panic_overweight,2024
2024-08-08,79126043.77869631,-0.0025024562968515743,1.2,panic_overweight,2024
2024-08-09,78287855.6580467,-0.010593075056221889,1.5,extreme_panic_leverage,2024
2024-08-12,77866703.93673413,-0.0053795281244144654,0.8,concern_underweight,2024
2024-08-13,78286250.0060008,0.005388003447629755,0.8,concern_underweight,2024
2024-08-14,77971696.26412019,-0.004017994754589734,0.8,concern_underweight,2024
2024-08-15,78482094.92130083,0.00654594784563507,0.8,concern_underweight,2024
2024-08-16,78245420.45791279,-0.0030156491569876356,0.8,concern_underweight,2024
2024-08-19,77980039.24933352,-0.0033916516394978456,0.8,concern_underweight,2024
2024-08-20,76120519.50551066,-0.023846099100786815,1.5,extreme_panic_leverage,2024
2024-08-21,75895223.98856124,-0.002959721221202472,1.2,panic_overweight,2024
2024-08-22,74512422.09387797,-0.01821988027720547,1.2,panic_overweight,2024
2024-08-23,74119661.27832995,-0.005271078358628442,1.2,panic_overweight,2024
2024-08-26,75084760.89064103,0.013020831391646375,1.2,panic_overweight,2024
2024-08-27,73567436.3114482,-0.020208156238291496,1.5,extreme_panic_leverage,2024
2024-08-28,74013826.71768533,0.006067771674784564,1.2,panic_overweight,2024
2024-08-29,74856811.6257144,0.01138955983514425,0.8,concern_underweight,2024
2024-08-30,75584501.31056415,0.0097210884226302,0.5,extreme_greed_reduce,2024
2024-09-02,74337936.95451024,-0.016492327586206897,1.0,optimistic_hold,2024
2024-09-03,74695751.93762544,0.004813356379988758,0.5,extreme_greed_reduce,2024
2024-09-04,74226598.5425412,-0.0062808577852726255,1.0,optimistic_hold,2024
2024-09-05,74879726.46362175,0.008799108862656922,1.0,optimistic_hold,2024
2024-09-06,72859390.39758866,-0.02698108234963463,1.5,extreme_panic_leverage,2024
2024-09-09,72571334.19455615,-0.003953590627928771,1.5,extreme_panic_leverage,2024
2024-09-10,72947958.66103977,0.005189713964386129,1.0,neutral_hold,2024
2024-09-11,72788307.38068712,-0.0021885640569395018,0.5,extreme_greed_reduce,2024
2024-09-12,72589471.98813827,-0.002731694137478928,1.0,neutral_hold,2024
2024-09-13,71761304.66978706,-0.011408917790262173,1.0,neutral_hold,2024
2024-09-18,71256809.62599666,-0.00703018215892054,1.0,neutral_hold,2024
2024-09-19,72829077.21523748,0.02206480471821756,1.0,neutral_hold,2024
2024-09-20,72593389.04005064,-0.003236182362853398,1.0,neutral_hold,2024
2024-09-23,72721495.30848038,0.0017647098464994384,1.2,panic_overweight,2024
2024-09-24,75764125.05790226,0.041839482762492976,1.2,panic_overweight,2024
2024-09-25,76229605.06074241,0.006143804900860456,0.5,extreme_greed_reduce,2024
2024-09-26,77540760.38383366,0.01720008023190574,0.5,extreme_greed_reduce,2024
2024-09-27,81525414.9722431,0.051387870955676075,1.0,neutral_hold,2024
2024-09-30,91178849.50401677,0.11841012443862277,1.0,neutral_hold,2024
2024-10-08,97687213.11583972,0.07138019011235955,0.8,optimistic_reduce,2024
2024-10-09,93190759.98662084,-0.046029085955056184,0.5,extreme_greed_reduce,2024
2024-10-10,93215018.83934738,0.00026031392736802707,0.5,extreme_greed_reduce,2024
2024-10-11,88154257.44305135,-0.054291266142616514,1.5,extreme_panic_leverage,2024
2024-10-14,91628381.50017089,0.039409600374251494,1.2,panic_overweight,2024
2024-10-15,90926858.91715239,-0.007656171281571562,0.5,extreme_greed_reduce,2024
2024-10-16,91437968.50268552,0.005621106806282724,0.8,optimistic_reduce,2024
2024-10-17,91376288.49215797,-0.0006745557839656136,0.8,optimistic_reduce,2024
2024-10-18,93974173.02387294,0.028430619962616824,0.8,optimistic_reduce,2024
2024-10-21,95797694.86782774,0.019404500037383175,0.8,optimistic_reduce,2024
2024-10-22,96377821.27944557,0.0060557449990652455,0.8,optimistic_reduce,2024
2024-10-23,96808833.92935853,0.004472114478114479,0.8,optimistic_reduce,2024
2024-10-24,96961321.02096313,0.001575136125654451,0.8,optimistic_reduce,2024
2024-10-25,98661790.33413403,0.01753760463724757,0.8,concern_underweight,2024
2024-10-28,101233911.40381092,0.02607008306828812,1.0,optimistic_hold,2024
2024-10-29,99813194.63437131,-0.014034000561062278,1.0,optimistic_hold,2024
2024-10-30,99983063.05952823,0.0017018634237605237,1.0,optimistic_hold,2024
2024-10-31,102089992.28473373,0.0210728613500374,1.5,extreme_panic_leverage,2024
2024-11-01,98131206.8328998,-0.03877740964846672,1.2,panic_overweight,2024
2024-11-04,101530959.6592133,0.03464497111609647,1.5,extreme_panic_leverage,2024
2024-11-05,106597643.51675047,0.049902846132286995,1.5,extreme_panic_leverage,2024
2024-11-06,107420826.45213476,0.007722337082010088,0.8,concern_underweight,2024
2024-11-07,110241914.16302654,0.026262018307491124,1.0,neutral_hold,2024
2024-11-08,110363321.10239388,0.0011012774976657332,1.0,neutral_hold,2024
2024-11-11,112836937.34472501,0.022413390768080733,1.0,neutral_hold,2024
2024-11-12,111751329.37556715,-0.009621033632286995,1.0,neutral_hold,2024
2024-11-13,112033372.33762683,0.002523844357249626,1.0,neutral_hold,2024
2024-11-14,108850890.26641992,-0.02840655426863441,1.0,neutral_hold,2024
2024-11-15,107875432.18247026,-0.008961415763914831,0.5,extreme_greed_reduce,2024
2024-11-18,105488843.51670553,-0.02212356064287049,1.0,optimistic_hold,2024
2024-11-19,107941755.4587279,0.023252809114680615,1.0,neutral_hold,2024
2024-11-20,110499378.38170497,0.02369447219111609,1.0,neutral_hold,2024
2024-11-21,111069902.53156967,0.005163143523702874,1.0,neutral_hold,2024
2024-11-22,107171534.00014247,-0.03509833395522388,1.0,neutral_hold,2024
2024-11-25,108599850.27050489,0.013327384773278599,1.0,optimistic_hold,2024
2024-11-26,108228584.49075575,-0.003418658302238806,0.5,extreme_greed_reduce,2024
2024-11-27,109149812.30732152,0.008511871617839149,0.5,extreme_greed_reduce,2024
2024-11-28,109293643.3365735,0.0013177395930558148,0.5,extreme_greed_reduce,2024
2024-11-29,110233810.0099302,0.008602208185716949,0.5,extreme_greed_reduce,2024
2024-12-02,111471685.47323391,0.011229544394702482,0.5,extreme_greed_reduce,2024
2024-12-03,111598298.13671456,0.0011358280171609773,0.5,extreme_greed_reduce,2024
2024-12-04,110822883.17481254,-0.006948268699869427,0.5,extreme_greed_reduce,2024
2024-12-05,111586020.82688071,0.006886101770736254,0.5,extreme_greed_reduce,2024
2024-12-06,112092035.88333665,0.004534753123251911,0.5,extreme_greed_reduce,2024
2024-12-09,111852661.15573898,-0.002135519492631972,0.5,extreme_greed_reduce,2024
2024-12-10,112278013.84668984,0.0038027945563012676,0.5,extreme_greed_reduce,2024
2024-12-11,114392649.38951631,0.018833923671947812,1.5,extreme_panic_leverage,2024
2024-12-12,115906869.04224123,0.01323703630264629,1.2,panic_overweight,2024
2024-12-13,113596547.42684853,-0.019932568574091328,1.2,panic_overweight,2024
2024-12-16,112709574.82788394,-0.007808094691748928,1.2,panic_overweight,2024
2024-12-17,106759236.76413606,-0.05279354547148715,1.5,extreme_panic_leverage,2024
2024-12-18,107408535.79007757,0.006081900223546945,1.2,panic_overweight,2024
2024-12-19,107603312.24203625,0.0018134168809390717,1.2,panic_overweight,2024
2024-12-20,109055653.73709883,0.013497182055100523,1.2,panic_overweight,2024
2024-12-23,102451074.55421661,-0.06056154776536313,1.5,extreme_panic_leverage,2024
2024-12-24,103253679.29429488,0.007834029497206704,0.8,concern_underweight,2024
2024-12-25,101572960.05152999,-0.01627757242407304,0.8,concern_underweight,2024
2024-12-26,102637317.8759267,0.01047875166635636,0.8,concern_underweight,2024
2024-12-27,103180250.92785539,0.00528982112125163,0.8,concern_underweight,2024
2024-12-30,102285820.381845,-0.008668621543048826,0.8,concern_underweight,2024
2024-12-31,98715595.40437709,-0.034904397932575895,1.5,extreme_panic_leverage,2024
2025-01-02,97366322.70884673,-0.013668283010432193,0.8,concern_underweight,2025
2025-01-03,94742165.3731057,-0.026951385887171848,0.8,concern_underweight,2025
2025-01-06,94366085.41417596,-0.003969509852859005,0.8,concern_underweight,2025
2025-01-07,96456017.0452482,0.022147062918838424,1.0,neutral_hold,2025
2025-01-08,96435693.78759421,-0.00021069973938942668,1.0,neutral_hold,2025
2025-01-09,97012471.2030353,0.005980953657174762,1.5,extreme_panic_leverage,2025
2025-01-10,95719957.71196495,-0.013323168403423893,0.5,extreme_greed_reduce,2025
2025-01-13,95844332.91677167,0.0012993654383026243,1.5,extreme_panic_leverage,2025
2025-01-14,99553993.58438534,0.03870506011904762,0.8,concern_underweight,2025
2025-01-15,99402194.0418549,-0.0015247961137969505,0.5,extreme_greed_reduce,2025
2025-01-16,99921088.07423472,0.005220146671625139,0.8,optimistic_reduce,2025
2025-01-17,99972403.65006126,0.0005135610191556631,0.8,optimistic_reduce,2025
2025-01-20,100687786.80092789,0.0071558062500000005,0.8,optimistic_reduce,2025
2025-01-21,100592617.06430916,-0.0009451964298995909,0.8,optimistic_reduce,2025
2025-01-22,99760253.9409133,-0.00827459457450762,0.8,optimistic_reduce,2025
2025-01-23,99684394.81311041,-0.0007604143414452908,0.8,optimistic_reduce,2025
2025-01-24,101407885.64659311,0.017289474814126394,1.5,extreme_panic_leverage,2025
2025-01-27,100590020.24281698,-0.008065106560118938,0.8,concern_underweight,2025
2025-02-05,101585053.63976833,0.009891969347947241,1.0,optimistic_hold,2025
2025-02-06,104049692.85266054,0.02426182912332838,1.0,optimistic_hold,2025
2025-02-07,104814614.67204237,0.007351504828226555,0.5,extreme_greed_reduce,2025
2025-02-10,106784432.52550654,0.018793351095432603,1.0,optimistic_hold,2025
2025-02-11,106615042.8688536,-0.0015862766945218198,1.0,optimistic_hold,2025
2025-02-12,107745467.0621195,0.010602858310120707,1.0,optimistic_hold,2025
2025-02-13,106620465.05305779,-0.010441293167471222,1.0,optimistic_hold,2025
2025-02-14,106775222.07424372,0.0014514757660167132,0.5,extreme_greed_reduce,2025
2025-02-17,108185331.77705821,0.013206338281684915,1.0,optimistic_hold,2025
2025-02-18,105619197.4929569,-0.023719798626577582,1.0,optimistic_hold,2025
2025-02-19,107973799.90085278,0.022293318485523385,1.0,optimistic_hold,2025
2025-02-20,108511149.28453414,0.004976664562836458,0.5,extreme_greed_reduce,2025
2025-02-21,109325376.95126167,0.007503631397290777,0.8,optimistic_reduce,2025
2025-02-24,109595359.90340777,0.002469535982176012,0.8,optimistic_reduce,2025
2025-02-25,109228701.6407574,-0.003345563744427935,0.8,optimistic_reduce,2025
2025-02-26,111622796.19138141,0.02191818189415042,1.5,extreme_panic_leverage,2025
2025-02-27,111620143.35525647,-2.376607839494692e-05,0.8,concern_underweight,2025
2025-02-28,108892347.87252793,-0.02443820085454208,0.8,concern_underweight,2025
2025-03-03,109998393.65607445,0.010157240661587064,1.5,extreme_panic_leverage,2025
2025-03-04,112411738.56086579,0.02193981952442876,1.5,extreme_panic_leverage,2025
2025-03-05,112604177.6719049,0.001711912950575994,0.5,extreme_greed_reduce,2025
2025-03-06,114050090.71196489,0.01284066959107807,0.8,optimistic_reduce,2025
2025-03-07,113684985.88900149,-0.0032012672737409403,0.8,optimistic_reduce,2025
2025-03-10,114589593.4417062,0.00795714179520535,1.2,panic_overweight,2025
2025-03-11,115298486.98656341,0.006186369316493314,1.2,panic_overweight,2025
2025-03-12,115946663.92860557,0.005621729816087683,1.2,panic_overweight,2025
2025-03-13,115346512.45527324,-0.0051760995357474455,0.5,extreme_greed_reduce,2025
2025-03-14,117410611.94910319,0.017894771587743736,1.0,optimistic_hold,2025
2025-03-17,118031762.76152378,0.005290414572490707,0.8,concern_underweight,2025
2025-03-18,118608138.34009601,0.004883224354928533,0.8,concern_underweight,2025
2025-03-19,118153940.15008661,-0.0038294015601783057,0.5,extreme_greed_reduce,2025
2025-03-20,117956924.75087237,-0.0016674467137021915,1.0,optimistic_hold,2025
2025-03-21,115982930.30777772,-0.016734875440876186,1.0,optimistic_hold,2025
2025-03-24,114697971.20449945,-0.011078863931687395,0.8,concern_underweight,2025
2025-03-25,114559714.17637855,-0.0012054008163265306,0.8,concern_underweight,2025
2025-03-26,116088418.89251554,0.01334417362270451,1.5,extreme_panic_leverage,2025
2025-03-27,115884860.5089118,-0.0017534770956973292,0.5,extreme_greed_reduce,2025
2025-03-28,114228142.03939897,-0.014296245965498052,1.0,neutral_hold,2025
2025-03-31,113556073.69131754,-0.005883561932134248,0.5,extreme_greed_reduce,2025
2025-04-01,114862864.98309869,0.011507894287833829,1.0,neutral_hold,2025
2025-04-02,115156073.80441326,0.002552685947348906,1.0,neutral_hold,2025
2025-04-03,114512186.72115327,-0.005591429631003152,1.0,neutral_hold,2025
2025-04-07,103405041.48889382,-0.09699531159339642,0.8,optimistic_reduce,2025
2025-04-08,103858153.97136754,0.004381918675816023,0.5,extreme_greed_reduce,2025
2025-04-09,108340542.69491811,0.04315875597775718,1.5,extreme_panic_leverage,2025
2025-04-10,112973934.90270935,0.0427669281742354,1.5,extreme_panic_leverage,2025
2025-04-11,113478464.78808169,0.004465896366332963,0.5,extreme_greed_reduce,2025
2025-04-14,114543713.13419987,0.009387229093269053,0.5,extreme_greed_reduce,2025
2025-04-15,114631053.36350463,0.000762505657577444,1.0,neutral_hold,2025
2025-04-16,113839168.90520012,-0.006908114643188137,0.5,extreme_greed_reduce,2025
2025-04-17,114635811.42113516,0.006997964967562557,1.0,optimistic_hold,2025
2025-04-18,114495352.18236774,-0.001225264923989618,1.0,optimistic_hold,2025
2025-04-21,116504331.08225751,0.017546379495736005,1.0,optimistic_hold,2025
2025-04-22,116624753.26039638,0.0010336283382789318,1.0,optimistic_hold,2025
2025-04-23,117387504.40028107,0.006540216536892844,1.0,optimistic_hold,2025
2025-04-24,115822999.32349725,-0.013327696885428255,1.5,extreme_panic_leverage,2025
2025-04-25,116099884.91373235,0.0023905924717226032,1.2,panic_overweight,2025
2025-04-28,114445723.96919313,-0.014247739743827733,1.0,optimistic_hold,2025
2025-04-29,115387437.48141634,0.008228472673008767,1.0,optimistic_hold,2025
2025-04-30,117120630.91159378,0.015020642350746266,1.5,extreme_panic_leverage,2025
2025-05-06,119760944.36454165,0.022543538507241,0.8,optimistic_reduce,2025
2025-05-07,121127872.24475831,0.011413803452115814,1.5,extreme_panic_leverage,2025
2025-05-08,122684964.12408297,0.012854942883651882,1.2,panic_overweight,2025
2025-05-09,121214398.99172755,-0.011986514752273148,1.2,panic_overweight,2025
2025-05-12,122915175.00370616,0.01403113843013546,1.0,optimistic_hold,2025
2025-05-13,122834340.10448578,-0.0006576478389909108,0.5,extreme_greed_reduce,2025
2025-05-14,123106284.7156321,0.0022139135596364315,1.0,optimistic_hold,2025
2025-05-15,122138786.55423465,-0.007859047680890538,1.0,optimistic_hold,2025
2025-05-16,123124920.23184612,0.008073878130217028,1.5,extreme_panic_leverage,2025
2025-05-19,124562700.76583931,0.011677412917594655,1.2,panic_overweight,2025
2025-05-20,125235979.84103659,0.005405141916944753,0.5,extreme_greed_reduce,2025
2025-05-21,124667323.17409483,-0.004540681261595547,1.0,optimistic_hold,2025
2025-05-22,122188730.11384079,-0.019881657816561458,1.5,extreme_panic_leverage,2025
2025-05-23,121185354.72392882,-0.008211685226429103,0.8,concern_underweight,2025
2025-05-26,122164367.82106157,0.008078642005571032,0.8,concern_underweight,2025
2025-05-27,122587105.56961493,0.00346040139275766,1.5,extreme_panic_leverage,2025
2025-05-28,122105295.83227503,-0.003930345978079138,1.2,panic_overweight,2025
2025-05-29,124680004.8990678,0.021085973783884146,1.2,panic_overweight,2025
2025-05-30,122266700.18316424,-0.019355988298662703,1.5,extreme_panic_leverage,2025
2025-06-03,123813184.76798828,0.01264845278810409,1.5,extreme_panic_leverage,2025
2025-06-04,125749098.13950834,0.015635761047159302,1.5,extreme_panic_leverage,2025
2025-06-05,126385644.31027073,0.005062033685968819,1.5,extreme_panic_leverage,2025
2025-06-06,126498368.8456553,0.0008919093303654239,0.8,concern_underweight,2025
2025-06-09,127800524.57879296,0.01029385394468164,0.8,concern_underweight,2025
2025-06-10,127359150.9104553,-0.00345361390176089,0.5,extreme_greed_reduce,2025
2025-06-11,128219259.28080846,0.0067534084846239345,1.0,optimistic_hold,2025
2025-06-12,128423389.74541482,0.0015920421452389774,0.5,extreme_greed_reduce,2025
2025-06-13,125081047.87358959,-0.02602595896628381,1.5,extreme_panic_leverage,2025
2025-06-16,126397475.0917579,0.010524593777777775,1.2,panic_overweight,2025
2025-06-17,126228118.15908356,-0.0013398759156492783,1.2,panic_overweight,2025
2025-06-18,126020313.66021208,-0.0016462615612282648,0.5,extreme_greed_reduce,2025
2025-06-19,123812697.68615374,-0.017517937465309896,1.0,neutral_hold,2025
2025-06-20,123032736.28823298,-0.006299526724616239,1.0,neutral_hold,2025
2025-06-23,125026289.98810066,0.016203441132913735,1.0,neutral_hold,2025
2025-06-24,127500943.44039702,0.019793064742878286,1.0,neutral_hold,2025
2025-06-25,128734658.58043398,0.009676125577954504,1.0,neutral_hold,2025
2025-06-26,128666376.40876022,-0.0005304101663585952,0.5,extreme_greed_reduce,2025
2025-06-27,129344288.74230386,0.005268760592044404,1.0,neutral_hold,2025
2025-06-30,131031775.85852115,0.0130464756706753,1.0,neutral_hold,2025
2025-07-01,131580745.97077957,0.004189595299777942,1.0,neutral_hold,2025
2025-07-02,130995792.72035615,-0.004445583934851009,1.0,neutral_hold,2025
2025-07-03,131758149.34499149,0.005819703127891911,1.0,neutral_hold,2025
2025-07-04,130037901.1619012,-0.013056104625346898,1.5,extreme_panic_leverage,2025
2025-07-07,130968255.58566774,0.007154486618545252,1.2,panic_overweight,2025
2025-07-08,132870739.96766908,0.014526301610216546,1.2,panic_overweight,2025
2025-07-09,132604751.56346405,-0.002001858379578246,1.2,panic_overweight,2025
2025-07-10,133075330.15152217,0.0035487309655937846,1.2,panic_overweight,2025
2025-07-11,133748773.27818795,0.00506061586245147,1.2,panic_overweight,2025
2025-07-14,134806284.18202874,0.00790669609837278,1.5,extreme_panic_leverage,2025
2025-07-15,133540432.71331577,-0.00939015177514793,1.2,panic_overweight,2025
2025-07-16,134465607.9638477,0.006928053412243389,1.2,panic_overweight,2025
2025-07-17,135900095.3658381,0.01066806169779915,1.2,panic_overweight,2025
2025-07-18,136051278.7919621,0.0011124600443951165,0.5,extreme_greed_reduce,2025
2025-07-21,136961995.51602596,0.0066939225573649135,0.5,extreme_greed_reduce,2025
2025-07-22,137502110.11471605,0.0039435362828582005,1.0,optimistic_hold,2025
2025-07-23,136707170.6610933,-0.005781289123196448,1.0,optimistic_hold,2025
2025-07-24,138418069.47615016,0.012515062719703977,1.0,optimistic_hold,2025
2025-07-25,138535863.1252754,0.0008509990752727946,0.5,extreme_greed_reduce,2025
2025-07-28,139185771.2351069,0.004691262573964497,1.0,optimistic_hold,2025
2025-07-29,139526029.03551126,0.0024446306356245384,1.0,optimistic_hold,2025
2025-07-30,139238120.99328762,-0.002063471914264597,0.5,extreme_greed_reduce,2025
2025-07-31,137885152.6406921,-0.009716939175448329,1.0,neutral_hold,2025
2025-08-01,138546307.0540831,0.004794964510166359,1.0,neutral_hold,2025
2025-08-04,140145289.2014252,0.01154113870908082,1.0,neutral_hold,2025
2025-08-05,141118280.62755772,0.006942733727810651,0.8,concern_underweight,2025
2025-08-06,142088250.6865279,0.006873454343807765,0.8,concern_underweight,2025
2025-08-07,142152191.46059868,0.0004500074690330931,0.8,concern_underweight,2025
2025-08-08,142202929.68913698,0.00035692892256514506,0.8,concern_underweight,2025
2025-08-11,143209594.01421672,0.007079068815813782,0.5,extreme_greed_reduce,2025
2025-08-12,143260522.84676218,0.00035562444608567217,0.5,extreme_greed_reduce,2025
2025-08-13,144676049.10205543,0.009880783813747228,1.5,extreme_panic_leverage,2025
2025-08-14,141664033.6301922,-0.020819033216331054,1.2,panic_overweight,2025
2025-08-15,142962770.5145814,0.009167724870657796,0.5,extreme_greed_reduce,2025
2025-08-18,144180209.53288466,0.008515776617375232,0.5,extreme_greed_reduce,2025
2025-08-19,144575807.292303,0.0027437729539996304,0.5,extreme_greed_reduce,2025
2025-08-20,145184383.62943628,0.004209392626131953,0.5,extreme_greed_reduce,2025
2025-08-21,144967266.81967193,-0.0014954556704839304,0.5,extreme_greed_reduce,2025
2025-08-22,145484213.1861232,0.0035659523545706366,0.5,extreme_greed_reduce,2025
2025-08-25,147733292.16488874,0.015459264819944599,1.5,extreme_panic_leverage,2025
2025-08-26,148264391.27715465,0.0035949859675036932,1.5,extreme_panic_leverage,2025
2025-08-27,143021910.59756023,-0.035359000461510054,1.5,extreme_panic_leverage,2025
2025-08-28,143514953.19561338,0.0034473221340225214,0.5,extreme_greed_reduce,2025
2025-08-29,143375845.93282643,-0.0009692875877355005,0.5,extreme_greed_reduce,2025
2025-09-01,144062644.17380244,0.004790194865164388,0.5,extreme_greed_reduce,2025
2025-09-02,141945296.82975212,-0.014697407202216068,1.0,neutral_hold,2025
2025-09-03,139304660.85415685,-0.018603194572641684,1.0,neutral_hold,2025
2025-09-04,138474007.8205499,-0.005962851698670606,0.8,concern_underweight,2025
2025-09-05,140200012.55362165,0.012464467232785673,0.5,extreme_greed_reduce,2025
2025-09-08,141788201.64883175,0.011328023915851632,0.8,optimistic_reduce,2025
2025-09-09,140647320.9557201,-0.008046372546125462,0.8,optimistic_reduce,2025
2025-09-10,140841657.05814546,0.0013817263002582072,0.8,optimistic_reduce,2025
2025-09-11,142540079.82481244,0.012059093894115478,0.8,optimistic_reduce,2025
2025-09-12,142461734.3938728,-0.00054963790560472,0.8,concern_underweight,2025
2025-09-15,142343993.44886228,-0.0008264741792696421,1.0,neutral_hold,2025
2025-09-16,143832810.23108938,0.010459287716709701,1.0,neutral_hold,2025
2025-09-17,144099938.28535688,0.001857212230215827,0.5,extreme_greed_reduce,2025
2025-09-18,141269684.51803285,-0.019640908948339482,1.5,extreme_panic_leverage,2025
2025-09-19,140728102.3833762,-0.0038336755440796753,0.8,concern_underweight,2025
2025-09-22,140845652.42703646,0.0008352990033222592,1.5,extreme_panic_leverage,2025
2025-09-23,139391841.0682938,-0.010322017994100296,0.8,concern_underweight,2025
2025-09-24,141142219.472788,0.012557251493913686,0.8,concern_underweight,2025
2025-09-25,140645786.37965566,-0.0035172544047180248,0.8,concern_underweight,2025
2025-09-26,139756973.00494945,-0.006319516549944711,0.8,concern_underweight,2025
2025-09-29,141636769.29690826,0.01345046512915129,1.5,extreme_panic_leverage,2025
2025-09-30,141979517.82042146,0.0024199120413055508,0.5,extreme_greed_reduce,2025
2025-10-09,142504846.333209,0.0037000302638863264,0.5,extreme_greed_reduce,2025
2025-10-10,142130442.10463738,-0.002627308742161564,1.0,neutral_hold,2025
2025-10-13,141765239.06566188,-0.0025694920353982304,0.8,optimistic_reduce,2025
2025-10-14,140537100.85116085,-0.008663183038348083,0.8,optimistic_reduce,2025
2025-10-15,142119764.55298632,0.011261536578171092,0.8,optimistic_reduce,2025
2025-10-16,141443845.806688,-0.004755979918938836,0.5,extreme_greed_reduce,2025
2025-10-17,138964122.5994142,-0.017531503001288896,0.8,optimistic_reduce,2025
2025-10-20,140346396.09606126,0.009946981068139961,0.8,optimistic_reduce,2025
2025-10-21,141550755.2470826,0.008581332934242033,0.5,extreme_greed_reduce,2025
2025-10-22,141444218.97056982,-0.0007526365813225271,0.8,optimistic_reduce,2025
2025-10-23,141626097.7241883,0.0012858691217087093,0.8,optimistic_reduce,2025
2025-10-24,142454514.63660902,0.005849323858615611,0.8,optimistic_reduce,2025
2025-10-27,144067681.3113432,0.01132408248941263,1.5,extreme_panic_leverage,2025
2025-10-28,144250942.3825702,0.0012720484536082473,0.8,concern_underweight,2025
2025-10-29,144894270.16480944,0.004459782179675994,0.8,concern_underweight,2025
2025-10-30,142505496.2716311,-0.016486324065549625,1.5,extreme_panic_leverage,2025
2025-10-31,143989925.3518419,0.010416644403534608,1.2,panic_overweight,2025
2025-11-03,144589115.6575217,0.004161334928229665,0.5,extreme_greed_reduce,2025
2025-11-04,143721204.76579356,-0.006002601840264998,0.8,concern_underweight,2025
2025-11-05,144561837.12777242,0.0058490489510489505,0.8,concern_underweight,2025
2025-11-06,145128620.66407222,0.003920699595141701,0.8,concern_underweight,2025
2025-11-07,144988403.69144046,-0.0009661565857247975,0.8,concern_underweight,2025
2025-11-10,145757578.01183307,0.005305074756389042,0.8,concern_underweight,2025
2025-11-11,146115277.264943,0.0024540696819268246,1.0,neutral_hold,2025
2025-11-12,145449583.87638035,-0.004555946517184341,1.0,neutral_hold,2025
2025-11-13,146266829.7150568,0.005618756801470588,0.5,extreme_greed_reduce,2025
2025-11-14,145762480.12542498,-0.003448147407134976,0.8,optimistic_reduce,2025
2025-11-17,145979643.73312226,0.0014898457237447122,0.8,concern_underweight,2025
2025-11-18,144835601.65160248,-0.007836997352941176,0.8,concern_underweight,2025
2025-11-19,143977520.5746345,-0.005924517640573319,0.5,extreme_greed_reduce,2025
2025-11-20,142881013.12814295,-0.0076158239294247376,1.0,neutral_hold,2025
2025-11-21,137850219.9767068,-0.03520966880969875,1.0,neutral_hold,2025
2025-11-24,139851610.00121084,0.014518584191176472,1.0,optimistic_hold,2025
2025-11-25,141748945.39306456,0.013566775468922399,1.0,optimistic_hold,2025
2025-11-26,141248110.05788818,-0.003533256164887744,1.0,optimistic_hold,2025
2025-11-27,141648893.5642117,0.0028374433198380565,1.0,optimistic_hold,2025
2025-11-28,143280558.7711947,0.011519081906865451,1.0,optimistic_hold,2025
2025-12-01,144307943.12877142,0.007170437960235642,1.0,optimistic_hold,2025
2025-12-02,143594411.68102303,-0.00494450570272259,1.0,optimistic_hold,2025
2025-12-03,143059713.54773867,-0.0037236695148842335,0.5,extreme_greed_reduce,2025
2025-12-04,141902984.43164912,-0.008085638419117646,1.0,optimistic_hold,2025
2025-12-05,144006361.40692824,0.01482264086061052,1.0,optimistic_hold,2025
2025-12-08,145583739.00441915,0.010953527205882352,1.2,panic_overweight,2025
2025-12-09,144310550.81814048,-0.00874540106598052,1.2,panic_overweight,2025
2025-12-10,144367199.63560614,0.0003925479955866127,0.5,extreme_greed_reduce,2025
2025-12-11,142393615.39119843,-0.013670586181550901,1.0,neutral_hold,2025
2025-12-12,142798839.08433533,0.002845799595885379,1.0,neutral_hold,2025
2025-12-15,142513204.12577894,-0.002000261069263274,1.0,neutral_hold,2025
2025-12-16,140450269.9564772,-0.01447538971533517,1.0,neutral_hold,2025
2025-12-17,141659459.68925607,0.008609379911861918,1.0,neutral_hold,2025
2025-12-18,142042242.47539383,0.0027021336024958707,1.0,neutral_hold,2025
2025-12-19,144151730.64264315,0.014851132525697502,1.0,neutral_hold,2025
2025-12-22,145258712.44341585,0.007679282072005876,1.2,panic_overweight,2025
2025-12-23,144488049.83807346,-0.005305448412552762,1.2,panic_overweight,2025
2025-12-24,146623896.81020764,0.014782170390753989,1.2,panic_overweight,2025
2025-12-25,148386338.11603692,0.012020150495049505,1.2,panic_overweight,2025
2025-12-26,148367127.9494093,-0.00012946048046946624,0.5,extreme_greed_reduce,2025
2025-12-29,148206016.1259666,-0.001085899725022915,0.5,extreme_greed_reduce,2025
2025-12-30,147844623.0070648,-0.0024384510720175923,1.5,extreme_panic_leverage,2025
2025-12-31,148225817.7384306,0.0025783469402711617,0.8,concern_underweight,2025
2026-01-05,150690645.46757072,0.016628869158878505,1.0,neutral_hold,2026
2026-01-06,152698325.5073528,0.013323189595163949,1.0,neutral_hold,2026
2026-01-07,153049354.9902098,0.0022988430402930402,1.0,neutral_hold,2026
2026-01-08,154674850.27551323,0.01062072614031874,1.0,neutral_hold,2026
2026-01-09,156756714.3723326,0.013459616046895035,1.0,neutral_hold,2026
2026-01-12,160245033.42538613,0.02225307583806558,1.0,neutral_hold,2026
2026-01-13,159340320.4167498,-0.005645809977989729,0.5,extreme_greed_reduce,2026
2026-01-14,159898329.03562906,0.0035019925742574252,0.5,extreme_greed_reduce,2026
2026-01-15,159559480.06824642,-0.0021191526479750777,0.5,extreme_greed_reduce,2026
2026-01-16,159581944.52342594,0.00014079047619047544,1.0,optimistic_hold,2026
2026-01-19,161081706.24568313,0.009398066471342245,1.0,optimistic_hold,2026
2026-01-20,160371112.22764894,-0.00441138869581123,1.0,optimistic_hold,2026
2026-01-21,160984860.7494696,0.0038270516010978956,0.5,extreme_greed_reduce,2026
2026-01-22,163160042.9054021,0.013511718715697035,1.5,extreme_panic_leverage,2026
2026-01-23,165105976.73505595,0.011926534186939822,0.8,concern_underweight,2026
2026-01-26,163625687.8655972,-0.00896568918176826,0.8,concern_underweight,2026
2026-01-27,163404909.9144234,-0.0013492866190737691,0.8,concern_underweight,2026
2026-01-28,163039102.25979337,-0.002238657668374817,0.5,extreme_greed_reduce,2026
2026-01-29,161896621.01045185,-0.007007406404391583,1.0,optimistic_hold,2026
2026-01-30,161454691.7862953,-0.002729700109849872,1.0,optimistic_hold,2026
2026-02-02,157627570.21542507,-0.02370399725475842,1.0,optimistic_hold,2026
2026-02-03,161201863.6299619,0.022675559926806955,1.0,optimistic_hold,2026
2026-02-04,161944588.3334595,0.004607420080468179,1.0,optimistic_hold,2026
2026-02-05,160603860.22459543,-0.00827893122370587,1.0,optimistic_hold,2026
2026-02-06,160963375.93232384,0.0022385246981339187,1.0,optimistic_hold,2026
2026-02-09,163753643.360726,0.01733479688929552,1.0,neutral_hold,2026
2026-02-10,163995356.9703393,0.0014760808043875688,1.0,neutral_hold,2026
2026-02-11,163704788.677701,-0.0017718080438756854,1.0,neutral_hold,2026
2026-02-12,163694790.11476192,-6.107678962746528e-05,0.5,extreme_greed_reduce,2026
2026-02-13,162611327.5822041,-0.006618796675191817,1.0,optimistic_hold,2026
2026-02-24,164303896.66763973,0.010408678845451224,0.8,concern_underweight,2026
2026-02-25,165674587.82566637,0.008342414183878634,0.8,concern_underweight,2026
2026-02-26,165941338.78068614,0.0016100897459331016,0.5,extreme_greed_reduce,2026
2026-02-27,166518714.69873425,0.00347939773350393,0.5,extreme_greed_reduce,2026
2026-03-02,163726648.95461667,-0.016767278976234003,1.0,neutral_hold,2026
2026-03-03,158527586.4127416,-0.03175452850877193,1.0,neutral_hold,2026
2026-03-04,157353834.69649523,-0.007404084947022287,1.5,extreme_panic_leverage,2026
2026-03-05,158868619.07557663,0.009626612417823229,0.8,concern_underweight,2026
2026-03-06,160847058.99251163,0.012453308453532957,0.8,concern_underweight,2026
2026-03-09,159885810.08676347,-0.005976167122787812,0.8,concern_underweight,2026
2026-03-10,162143975.89375547,0.014123616134331083,0.8,concern_underweight,2026
2026-03-11,162113811.15436852,-0.00018603675665815396,0.5,extreme_greed_reduce,2026
2026-03-12,160335186.23249483,-0.01097145831813207,1.5,extreme_panic_leverage,2026
2026-03-13,159205708.93589494,-0.007044475533661741,0.8,concern_underweight,2026
2026-03-16,159358883.74664265,0.0009621188321167885,0.8,concern_underweight,2026
2026-03-17,157014218.72147548,-0.014713111500547646,0.8,concern_underweight,2026
2026-03-18,158357886.2590186,0.008557616937397336,0.8,concern_underweight,2026
2026-03-19,155272580.07483467,-0.01948312305165176,0.8,concern_underweight,2026
2026-03-20,152489012.08432016,-0.01792697712096333,0.8,concern_underweight,2026
2026-03-23,146209156.26896024,-0.04118234966259347,0.8,optimistic_reduce,2026
2026-03-24,150161508.87819844,0.027032182594417076,0.8,optimistic_reduce,2026
2026-03-25,152532505.174531,0.015789640860999637,0.8,optimistic_reduce,2026
2026-03-26,150718977.87726593,-0.01188944805692392,0.8,optimistic_reduce,2026
2026-03-27,152441741.37877738,0.011430302446148233,0.8,optimistic_reduce,2026
2026-03-30,152780251.83939373,0.0022205890430971515,0.8,optimistic_reduce,2026
2026-03-31,151097432.71408406,-0.011014637723458592,0.8,optimistic_reduce,2026
2026-04-01,153124110.57333058,0.01341305290793072,0.8,concern_underweight,2026
2026-04-02,151291394.92200422,-0.01196882479489517,0.8,concern_underweight,2026
2026-04-03,148707107.45727304,-0.017081523149835947,0.8,concern_underweight,2026
2026-04-07,150283412.4498085,0.01060006491611962,0.8,concern_underweight,2026
2026-04-08,155047795.6282962,0.03170265500910747,0.8,concern_underweight,2026
2026-04-09,153650235.06405666,-0.009013740302312875,0.8,concern_underweight,2026
2026-04-10,154922082.19681698,0.008277547588717016,0.8,concern_underweight,2026
