date,portfolio_value,daily_return,position_scalar,signal_type,sentiment_score,num_holding
2022-02-07,100000000.0,0.0,0.5,extreme_greed_reduce,1.004473945873933,5675
2022-02-08,101136447.45374449,0.011364474537444932,1.0,optimistic_hold,1.004473945873933,5675
2022-02-09,102352636.95465975,0.012025234537444932,1.0,optimistic_hold,1.004473945873933,5675
2022-02-10,102067358.78315437,-0.0027872088105726873,0.5,extreme_greed_reduce,1.5045758919178212,5675
2022-02-11,100342488.0449647,-0.01689933744493392,0.5,extreme_greed_reduce,1.5045758919178212,5675
2022-02-14,100343020.55857043,5.306960352422971e-06,0.8,optimistic_reduce,1.4383010869154411,5675
2022-02-15,100782441.10517588,0.004379183964757708,0.8,optimistic_reduce,1.4383010869154411,5675
2022-02-16,101828746.80954055,0.010381825374449337,0.8,optimistic_reduce,1.4383010869154411,5675
2022-02-17,101620847.24696143,-0.0020416588546255505,0.5,extreme_greed_reduce,1.3319177733946512,5675
2022-02-18,102243272.46521658,0.006124975682819383,1.0,optimistic_hold,1.3319177733946512,5675
2022-02-21,103392784.29907863,0.011242909251101321,1.0,optimistic_hold,1.3319177733946512,5675
2022-02-22,102488192.84932713,-0.00874907718061674,1.0,optimistic_hold,1.3319177733946512,5675
2022-02-23,103928547.15694372,0.01405385603524229,1.0,optimistic_hold,1.3319177733946512,5675
2022-02-24,101897685.82664001,-0.019540938325991186,1.0,optimistic_hold,1.3319177733946512,5675
2022-02-25,102747184.71215223,0.008336782907488986,1.0,optimistic_hold,1.3319177733946512,5675
2022-02-28,102745904.65423042,-1.2458325991189387e-05,1.0,optimistic_hold,1.3319177733946512,5675
2022-03-01,103456231.0339528,0.0069134276651982365,0.5,extreme_greed_reduce,0.938690866546212,5675
2022-03-02,103817312.03910919,0.0034901813215859026,1.0,neutral_hold,0.938690866546212,5675
2022-03-03,103631313.2172669,-0.0017915973568281935,1.0,neutral_hold,0.938690866546212,5675
2022-03-04,102669824.35847539,-0.009277976211453745,1.2,panic_overweight,-1.3173948121964938,5675
2022-03-07,101384774.1552094,-0.012516337797356824,0.8,concern_underweight,-1.2949854277963224,5675
2022-03-08,98754547.04772885,-0.025943018854625542,0.8,concern_underweight,-1.2949854277963224,5675
2022-03-09,97620884.5930633,-0.011479597533039643,0.8,concern_underweight,-1.2949854277963224,5675
2022-03-10,99039005.3623597,0.014526817444933922,1.2,panic_overweight,-1.2403604867825753,5675
2022-03-11,99625920.14153458,0.005926097268722466,0.5,extreme_greed_reduce,1.4585654949348787,5675
2022-03-14,97427007.62404092,-0.022071690925110132,1.0,optimistic_hold,0.9768893090134756,5675
2022-03-15,93328890.09664637,-0.04206346502202643,1.0,optimistic_hold,0.9768893090134756,5675
2022-03-16,95701197.3041504,0.02541878731277533,1.0,optimistic_hold,0.9768893090134756,5675
2022-03-17,97275637.51635724,0.01645162502202643,1.0,optimistic_hold,0.9768893090134756,5675
2022-03-18,98336229.81546718,0.010902959118942731,1.2,panic_overweight,-1.263997431988956,5675
2022-03-21,99424157.48873691,0.011063345374449338,0.5,extreme_greed_reduce,1.4516922811711757,5675
2022-03-22,99310366.5492509,-0.0011444999118942725,0.8,optimistic_reduce,1.4516922811711757,5675
2022-03-23,99556258.22934377,0.0024759920704845806,0.8,optimistic_reduce,1.4516922811711757,5675
2022-03-24,98613776.39495231,-0.00946682660792951,0.8,optimistic_reduce,1.4516922811711757,5675
2022-03-25,98247321.69373052,-0.0037160599118942718,0.8,optimistic_reduce,1.4516922811711757,5675
2022-03-28,97890180.30107689,-0.003635125991189427,0.5,extreme_greed_reduce,1.4870784051777537,5675
2022-03-29,97157328.44176936,-0.007486469603524228,0.5,extreme_greed_reduce,1.4870784051777537,5675
2022-03-30,98447158.16365883,0.013275681233480174,0.5,extreme_greed_reduce,1.4870784051777537,5675
2022-03-31,98266661.1539527,-0.001833440528634361,0.5,extreme_greed_reduce,1.4870784051777537,5675
2022-04-01,98141275.19730985,-0.001275976563876652,0.5,extreme_greed_reduce,1.4870784051777537,5675
2022-04-06,98927015.41392644,0.008006215682819381,1.0,optimistic_hold,1.0012769844197926,5675
2022-04-07,97054053.85155375,-0.018932761233480176,0.5,extreme_greed_reduce,1.3839235620705346,5675
2022-04-08,96487015.48206893,-0.0058425006167400866,0.8,optimistic_reduce,1.3839235620705346,5675
2022-04-11,94119732.09439649,-0.02453473533039647,0.8,optimistic_reduce,1.3839235620705346,5675
2022-04-12,95452418.857122,0.014159483171806169,1.2,panic_overweight,-1.3496132779742716,5675
2022-04-13,93918977.278785,-0.016064983964757702,0.8,concern_underweight,-1.3496132779742716,5675
2022-04-14,94597471.53727667,0.0072242509251101315,0.5,extreme_greed_reduce,1.4155287146824904,5675
2022-04-15,93251440.99764022,-0.014229032951541844,0.8,optimistic_reduce,1.4155287146824904,5675
2022-04-18,93804642.72413996,0.005932366519823786,0.8,optimistic_reduce,1.4155287146824904,5675
2022-04-19,94126131.40068759,0.003427214977973567,0.8,optimistic_reduce,1.4155287146824904,5675
2022-04-20,93336386.81950513,-0.008390279823788543,0.8,optimistic_reduce,1.4155287146824904,5675
2022-04-21,90412782.2943304,-0.03132330942731276,0.8,optimistic_reduce,1.4155287146824904,5675
2022-04-22,89736658.01525235,-0.007478193480176212,1.2,panic_overweight,-1.359280052756762,5675
2022-04-25,84081154.41503961,-0.06302333656387664,0.8,concern_underweight,-1.359280052756762,5675
2022-04-26,81659986.73974828,-0.028795604581497786,0.8,concern_underweight,-1.359280052756762,5675
2022-04-27,83704541.29755385,0.0250374098678414,0.8,concern_underweight,-1.359280052756762,5675
2022-04-28,82520298.44459239,-0.014147892511013215,0.5,extreme_greed_reduce,1.0061852109181797,5675
2022-04-29,85572884.72969188,0.036991944317180614,0.5,extreme_greed_reduce,0.8783256331303426,5675
2022-05-05,86837537.72808048,0.014778665022026431,1.0,optimistic_hold,0.99106084670264,5675
2022-05-06,86093842.08078393,-0.008564218502202642,1.0,optimistic_hold,0.99106084670264,5675
2022-05-09,87278974.24450275,0.01376558572687224,0.8,optimistic_reduce,1.3930093230598657,5675
2022-05-10,88528609.22146991,0.01431770925110132,0.5,extreme_greed_reduce,1.0800013773018695,5675
2022-05-11,88816054.98571618,0.0032469251101321585,1.0,optimistic_hold,1.0800013773018695,5675
2022-05-12,89397516.12230153,0.006546802114537445,1.0,optimistic_hold,1.0800013773018695,5675
2022-05-13,89967345.57807785,0.0063741083700440525,1.0,optimistic_hold,1.0800013773018695,5675
2022-05-16,90141939.87101361,0.001940640704845815,1.0,optimistic_hold,1.0800013773018695,5675
2022-05-17,90048945.72897679,-0.001031641233480176,1.0,optimistic_hold,1.0800013773018695,5675
2022-05-18,90598432.23443688,0.00610208704845815,1.0,optimistic_hold,1.0800013773018695,5675
2022-05-19,91162867.715132,0.00623008,0.5,extreme_greed_reduce,1.4192621380232977,5675
2022-05-20,92104964.69332363,0.010334218325991185,0.8,optimistic_reduce,1.4192621380232977,5675
2022-05-23,93118374.91042842,0.011002775154185022,1.0,optimistic_hold,0.995973432362016,5675
2022-05-24,89894614.19489108,-0.034620027665198234,1.0,optimistic_hold,0.995973432362016,5675
2022-05-25,91318813.42706756,0.01584298731277533,1.0,optimistic_hold,0.995973432362016,5675
2022-05-26,91649952.69455728,0.0036261888986784136,1.0,optimistic_hold,0.995973432362016,5675
2022-05-27,91693333.4514525,0.00047333092511013216,1.0,optimistic_hold,0.995973432362016,5675
2022-05-30,92435801.80770057,0.008097299207048459,1.0,optimistic_hold,0.995973432362016,5675
2022-05-31,93359156.86067942,0.009989149603524232,1.2,panic_overweight,-1.3023145732647592,5675
2022-06-01,93912273.60717908,0.005924611629955945,0.8,concern_underweight,-1.3023145732647592,5675
2022-06-02,94758117.42725563,0.00900674414096916,0.8,concern_underweight,-1.3023145732647592,5675
2022-06-06,96169788.26169017,0.014897624317180615,0.5,extreme_greed_reduce,1.5088482011021016,5675
2022-06-07,95750171.54813683,-0.00436329039647577,0.5,extreme_greed_reduce,1.5088482011021016,5675
2022-06-08,95629820.41577297,-0.0012569286343612333,0.5,extreme_greed_reduce,0.913834722598612,5675
2022-06-09,94060667.02347678,-0.016408620088105726,1.0,neutral_hold,0.913834722598612,5675
2022-06-10,95393019.00171824,0.014164815330396475,1.0,neutral_hold,0.913834722598612,5675
2022-06-13,95678153.96321991,0.0029890548017621147,0.5,extreme_greed_reduce,1.2429373133641832,5675
2022-06-14,95731304.0291556,0.0005555088986784142,1.0,optimistic_hold,1.2429373133641832,5675
2022-06-15,95639513.5485378,-0.0009588345374449338,1.0,optimistic_hold,1.2429373133641832,5675
2022-06-16,96287902.66708595,0.006779510837004406,1.2,panic_overweight,-1.359376609172107,5675
2022-06-17,96713200.46257363,0.004416939030837004,0.5,extreme_greed_reduce,1.4243944664811985,5675
2022-06-20,97636592.4865039,0.009547735154185017,0.8,concern_underweight,-1.255450247051788,5675
2022-06-21,97304635.00553821,-0.0033999289867841396,0.8,concern_underweight,-1.255450247051788,5675
2022-06-22,96329201.71706101,-0.01002453057268722,0.8,concern_underweight,-1.255450247051788,5675
2022-06-23,97923433.14998986,0.01654982502202643,0.5,extreme_greed_reduce,0.9841869113855376,5675
2022-06-24,98830056.48795128,0.009258492158590308,1.0,optimistic_hold,0.9841869113855376,5675
2022-06-27,99552894.78422743,0.0073139520704845785,0.8,concern_underweight,-0.0971570855897178,5675
2022-06-28,100807449.85642442,0.012601894449339207,1.0,neutral_hold,-0.0971570855897178,5675
2022-06-29,99041801.3503873,-0.01751505973568282,1.0,neutral_hold,-0.0971570855897178,5675
2022-06-30,99765680.7033943,0.007308826607929515,1.0,neutral_hold,-0.0971570855897178,5675
2022-07-01,99646446.24673255,-0.0011951450220264318,1.2,panic_overweight,-1.3388820738382952,5675
2022-07-04,100182946.22509398,0.005384035242290747,0.8,concern_underweight,-1.3388820738382952,5675
2022-07-05,99519270.21925323,-0.006624640528634358,0.8,concern_underweight,-1.3388820738382952,5675
2022-07-06,98845742.57993151,-0.006767811277533037,0.8,concern_underweight,-1.3388820738382952,5675
2022-07-07,99421044.64056623,0.005820200704845813,0.8,concern_underweight,-1.3388820738382952,5675
2022-07-08,99603367.31449069,0.0018338438766519814,0.8,concern_underweight,-1.3388820738382952,5675
2022-07-11,98930176.04375489,-0.006758719999999998,0.8,concern_underweight,-1.3388820738382952,5675
2022-07-12,97629552.90836139,-0.013146879823788541,0.8,concern_underweight,-1.3388820738382952,5675
2022-07-13,98628167.82629482,0.010228613039647573,0.8,concern_underweight,-1.3388820738382952,5675
2022-07-14,99219867.29822184,0.005999294977973567,0.5,extreme_greed_reduce,1.4641684543883493,5675
2022-07-15,97841251.09117511,-0.013894558061674007,0.5,extreme_greed_reduce,0.9698171139222064,5675
2022-07-18,99867495.88576885,0.020709514361233472,0.8,concern_underweight,-0.1955966841496854,5675
2022-07-19,100723475.30951308,0.008571151365638765,0.5,extreme_greed_reduce,0.9178286726838788,5675
2022-07-20,101535675.65651472,0.008063664845814977,1.0,neutral_hold,0.9178286726838788,5675
2022-07-21,101278465.26824065,-0.0025332021145374447,1.0,neutral_hold,0.9178286726838788,5675
2022-07-22,101098137.14941835,-0.001780517885462555,1.0,neutral_hold,0.9178286726838788,5675
2022-07-25,100438362.06627613,-0.0065260854625550655,1.0,neutral_hold,0.9178286726838788,5675
2022-07-26,101394222.75498015,0.00951688845814978,1.0,neutral_hold,0.9178286726838788,5675
2022-07-27,102195318.08718811,0.007900798590308369,1.0,neutral_hold,0.9178286726838788,5675
2022-07-28,102913226.8348253,0.007024869251101322,1.0,neutral_hold,0.9178286726838788,5675
2022-07-29,102475289.29091425,-0.004255405814977973,0.5,extreme_greed_reduce,1.4762794050163468,5675
2022-08-01,102993132.60896496,0.0050533481938325985,1.0,optimistic_hold,0.995973432362016,5675
2022-08-02,99643081.3547411,-0.032526938149779736,1.2,panic_overweight,-1.3024893227209575,5675
2022-08-03,99309848.46552125,-0.0033442651982378852,0.5,extreme_greed_reduce,1.382028277145725,5675
2022-08-04,100526610.7709391,0.012252181674008805,0.8,optimistic_reduce,1.382028277145725,5675
2022-08-05,101668010.65265633,0.011354206343612332,0.8,optimistic_reduce,1.382028277145725,5675
2022-08-08,102872240.810868,0.011844730220264315,0.5,extreme_greed_reduce,1.4590756629137085,5675
2022-08-09,103216002.75126943,0.003341639471365637,0.8,optimistic_reduce,1.4590756629137085,5675
2022-08-10,103536256.49026445,0.0031027527753303952,0.8,optimistic_reduce,1.4590756629137085,5675
2022-08-11,104718934.76479444,0.011422841762114534,0.8,optimistic_reduce,1.4590756629137085,5675
2022-08-12,104345636.98716567,-0.00356475911894273,0.8,optimistic_reduce,1.4590756629137085,5675
2022-08-15,104763151.03819728,0.004001260264317179,0.8,optimistic_reduce,1.4590756629137085,5675
2022-08-16,105465429.1874305,0.0067034844052863436,1.2,panic_overweight,-1.32414395857499,5675
2022-08-17,105738616.94839439,0.002590306255506607,0.8,concern_underweight,-1.32414395857499,5675
2022-08-18,105979651.1162213,0.0022795282819383254,0.8,concern_underweight,-1.32414395857499,5675
2022-08-19,104847145.71073133,-0.010686064669603524,1.2,panic_overweight,-1.2136820915900122,5675
2022-08-22,105444335.85689624,0.005695816916299557,0.8,concern_underweight,-1.2136820915900122,5675
2022-08-23,105810772.37108818,0.0034751654625550642,0.8,concern_underweight,-1.2136820915900122,5675
2022-08-24,103097209.7874664,-0.025645428370044042,0.8,concern_underweight,-1.2136820915900122,5675
2022-08-25,102745523.64076012,-0.0034112091629955937,0.8,concern_underweight,-1.2136820915900122,5675
2022-08-26,102265833.66825767,-0.0046687189427312755,0.8,concern_underweight,-1.2136820915900122,5675
2022-08-29,102960469.00039737,0.006792447753303963,0.8,concern_underweight,-1.2517459043472976,5675
2022-08-30,102685685.19787888,-0.0026688281938325982,0.8,concern_underweight,-1.2517459043472976,5675
2022-08-31,100382742.62406488,-0.022427104317180608,0.8,concern_underweight,-1.2517459043472976,5675
2022-09-01,99984723.04190561,-0.00396502,0.8,concern_underweight,0.0819487626694779,50
2022-09-02,100457804.75836731,0.00473154,1.0,neutral_hold,0.0819487626694779,50
2022-09-05,100856013.4689612,0.00396394,1.0,neutral_hold,0.0819487626694779,50
2022-09-06,101545057.7187406,0.00683196,0.5,extreme_greed_reduce,0.98388314271465,50
2022-09-07,101350540.03707573,-0.0019155800000000007,0.5,extreme_greed_reduce,0.9741999560144812,50
2022-09-08,101159871.29311478,-0.0018812800000000001,0.5,extreme_greed_reduce,1.4825216600843667,50
2022-09-09,102003358.48553619,0.008338160000000002,0.8,optimistic_reduce,1.4825216600843667,50
2022-09-13,102487917.27975304,0.004750419999999999,1.2,panic_overweight,-1.3196571922829892,50
2022-09-14,102765790.72011529,0.002711279999999999,1.2,panic_overweight,-1.28443750645242,50
2022-09-15,102512857.39004749,-0.0024612600000000003,0.8,concern_underweight,-1.28443750645242,50
2022-09-16,99992699.7562849,-0.02458382,1.2,panic_overweight,-1.2256220345313489,50
2022-09-19,98197236.83902302,-0.017955939999999997,0.5,extreme_greed_reduce,0.934814454404701,50
2022-09-20,98927303.8357501,0.0074347,1.0,neutral_hold,0.934814454404701,50
2022-09-21,99077255.86435826,0.0015157800000000004,0.5,extreme_greed_reduce,1.4391109528342991,50
2022-09-22,98237007.41745916,-0.00848074,0.5,extreme_greed_reduce,1.1772709423267576,50
2022-09-23,96800322.61982119,-0.014624680000000001,0.5,extreme_greed_reduce,1.4868353020413116,50
2022-09-26,94436255.46076766,-0.024422100000000002,0.5,extreme_greed_reduce,0.97471742014913,50
2022-09-27,96263806.65242064,0.019352220000000003,0.5,extreme_greed_reduce,1.388227249224114,50
2022-09-28,95213678.26258232,-0.01090886,1.2,panic_overweight,-1.320130967746432,50
2022-09-29,94177424.00375864,-0.01088346,0.8,concern_underweight,-1.320130967746432,50
2022-09-30,94419429.84667261,0.0025696799999999995,0.8,concern_underweight,-1.320130967746432,50
2022-10-10,93266974.61179309,-0.012205700000000002,1.0,neutral_hold,0.9338086333407246,50
2022-10-11,93059886.48670456,-0.00222038,1.0,neutral_hold,0.9338086333407246,50
2022-10-12,95469726.22201194,0.025895580000000005,1.0,neutral_hold,0.9338086333407246,50
2022-10-13,95614654.99460052,0.0015180600000000001,0.8,concern_underweight,-0.1369321325464179,50
2022-10-14,97006580.63302921,0.014557660000000002,0.8,concern_underweight,-0.1369321325464179,50
2022-10-17,98106084.26002976,0.011334320000000002,0.8,concern_underweight,-0.1369321325464179,50
2022-10-18,98026918.53639697,-0.0008069400000000001,0.8,concern_underweight,-0.1369321325464179,50
2022-10-19,97205698.02635829,-0.0083775,0.8,concern_underweight,-0.1369321325464179,50
2022-10-20,96748512.41094488,-0.004703280000000001,0.8,concern_underweight,-0.1369321325464179,50
2022-10-21,96577975.74308835,-0.0017626799999999995,0.8,concern_underweight,-0.1369321325464179,50
2022-10-24,94477296.60334334,-0.021751120000000006,0.8,concern_underweight,-0.1369321325464179,50
2022-10-25,93797713.85069177,-0.00719308,0.5,extreme_greed_reduce,0.9111707020599498,50
2022-10-26,94721555.67372137,0.009849300000000002,1.0,neutral_hold,0.9111707020599498,50
2022-10-27,94995727.21661896,0.0028945,1.0,neutral_hold,0.9111707020599498,50
2022-10-28,91688557.36878686,-0.034813880000000005,1.0,neutral_hold,0.9111707020599498,50
2022-10-31,91629755.6631751,-0.000641319999999999,1.0,neutral_hold,0.9111707020599498,50
2022-11-01,94176459.94681911,0.02779342,1.0,neutral_hold,0.9111707020599498,50
2022-11-02,96089600.10829198,0.02031442,1.0,neutral_hold,0.9111707020599498,50
2022-11-03,96051627.42012118,-0.00039517999999999997,1.0,neutral_hold,0.9111707020599498,50
2022-11-04,98051537.56496102,0.0208212,1.0,neutral_hold,0.9111707020599498,50
2022-11-07,99752741.54686685,0.0173501,1.0,neutral_hold,0.9111707020599498,50
2022-11-08,100252792.06496714,0.0050129,1.0,neutral_hold,0.9111707020599498,50
2022-11-09,101808883.8225061,0.01552168,0.5,extreme_greed_reduce,1.329709644936562,50
2022-11-10,102190891.11638492,0.0037522,0.5,extreme_greed_reduce,1.2034559351556555,50
2022-11-11,104875092.24552909,0.026266539999999998,1.0,optimistic_hold,1.2034559351556555,50
2022-11-14,105673667.83043636,0.0076145399999999995,1.0,optimistic_hold,1.2034559351556555,50
2022-11-15,107006316.34197265,0.012610980000000003,0.8,concern_underweight,0.0967548709322944,50
2022-11-16,106534797.2892644,-0.00440646,1.2,panic_overweight,-1.2941705726509851,50
2022-11-17,106511317.01994184,-0.0002203999999999999,0.8,concern_underweight,-1.2941705726509851,50
2022-11-18,105558517.9033136,-0.00894552,0.8,concern_underweight,-1.2941705726509851,50
2022-11-21,104920030.31841254,-0.006048659999999999,0.5,extreme_greed_reduce,1.5147263261570751,50
2022-11-22,104702992.74369587,-0.002068599999999999,0.5,extreme_greed_reduce,1.5147263261570751,50
2022-11-23,104427485.66482952,-0.00263132,0.5,extreme_greed_reduce,1.5147263261570751,50
2022-11-24,105828956.82474408,0.013420519999999998,0.5,extreme_greed_reduce,1.5147263261570751,50
2022-11-25,107367546.88038234,0.01453846,0.5,extreme_greed_reduce,1.3975580300653816,50
2022-11-28,107850264.92910373,0.0044959399999999995,0.5,extreme_greed_reduce,0.9215942689876544,50
2022-11-29,112435954.65763488,0.04251904,1.0,neutral_hold,0.9215942689876544,50
2022-11-30,113193901.16901565,0.0067411400000000005,0.8,concern_underweight,0.1041591756339965,50
2022-12-01,114437804.79610811,0.01098914,0.5,extreme_greed_reduce,1.337272979479419,50
2022-12-02,115485613.35811394,0.009156139999999998,1.0,optimistic_hold,1.337272979479419,50
2022-12-05,117065869.98734875,0.013683579999999999,1.0,optimistic_hold,1.337272979479419,50
2022-12-06,118181915.11755574,0.00953348,1.0,optimistic_hold,1.337272979479419,50
2022-12-07,118227571.15500396,0.00038632,0.8,concern_underweight,-0.3637127260424885,50
2022-12-08,118782942.80595316,0.00469748,0.8,concern_underweight,-0.3637127260424885,50
2022-12-09,119641883.64631271,0.007231180000000002,0.8,concern_underweight,-0.3637127260424885,50
2022-12-12,118149174.07783717,-0.012476479999999998,0.8,concern_underweight,-0.3637127260424885,50
2022-12-13,118796222.75564142,0.005476539999999999,0.8,concern_underweight,-0.3637127260424885,50
2022-12-14,118173875.47979362,-0.005238780000000001,0.8,concern_underweight,-0.1330398003030698,50
2022-12-15,117437756.22856493,-0.00622912,1.0,neutral_hold,-0.1330398003030698,50
2022-12-16,117206803.13716583,-0.0019665999999999998,1.0,neutral_hold,-0.1330398003030698,50
2022-12-19,114364681.1533894,-0.024248779999999998,1.0,neutral_hold,-0.1330398003030698,50
2022-12-20,113575079.94718292,-0.006904240000000001,0.5,extreme_greed_reduce,0.90345012775448,50
2022-12-21,113992057.2241994,0.0036713800000000006,1.0,neutral_hold,0.90345012775448,50
2022-12-22,113371869.75782427,-0.005440619999999999,1.0,neutral_hold,0.90345012775448,50
2022-12-23,112422010.75630708,-0.008378260000000002,0.5,extreme_greed_reduce,0.9128036752356148,50
2022-12-26,113632690.1354624,0.010769059999999999,1.2,panic_overweight,-1.265098080672772,50
2022-12-27,115083815.9509531,0.01277032,0.8,concern_underweight,-1.265098080672772,50
2022-12-28,113531065.97764541,-0.01349234,0.8,concern_underweight,-1.265098080672772,50
2022-12-29,112345079.59125918,-0.01044636,0.8,concern_underweight,-1.265098080672772,50
2022-12-30,112730726.54597211,0.0034327,0.8,concern_underweight,-1.265098080672772,50
2023-01-03,115346433.37632,0.02320314,0.8,concern_underweight,-1.265098080672772,50
2023-01-04,114627232.21571797,-0.00623514,0.8,concern_underweight,-1.265098080672772,50
2023-01-05,116393170.18505475,0.01540592,0.5,extreme_greed_reduce,0.9507022107077976,50
2023-01-06,117445715.9509016,0.00904302,1.0,neutral_hold,0.9507022107077976,50
2023-01-09,118511167.04360794,0.00907186,0.8,optimistic_reduce,1.3945747314527337,50
2023-01-10,119249840.03712073,0.00623294,0.8,optimistic_reduce,1.3945747314527337,50
2023-01-11,117981493.96849231,-0.010636040000000001,0.8,optimistic_reduce,1.3945747314527337,50
2023-01-12,119071029.46899255,0.009234800000000001,1.2,panic_overweight,-1.362907797486925,50
2023-01-13,119154924.53493582,0.0007045799999999998,0.8,concern_underweight,-1.362907797486925,50
2023-01-16,120508822.36496402,0.0113625,1.2,panic_overweight,-1.3355568148982686,50
2023-01-17,120248087.06671874,-0.00216362,0.8,concern_underweight,-1.3355568148982686,50
2023-01-18,120241026.09904619,-5.8719999999999384e-05,0.8,concern_underweight,-1.3355568148982686,50
2023-01-19,120710711.5951943,0.0039062000000000003,0.8,concern_underweight,-1.3355568148982686,50
2023-01-20,122835958.86882468,0.017606120000000003,0.8,concern_underweight,-1.3355568148982686,50
2023-01-30,125131907.88651448,0.018691179999999998,0.8,concern_underweight,-1.2765369899082133,50
2023-01-31,126379350.3788733,0.00996902,0.5,extreme_greed_reduce,0.986211300176067,50
2023-02-01,128345416.23960838,0.015556859999999999,0.5,extreme_greed_reduce,1.0058464955190922,50
2023-02-02,127352171.59859665,-0.00773884,1.0,optimistic_hold,1.0058464955190922,50
2023-02-03,127090590.23813313,-0.002054,1.0,optimistic_hold,1.0058464955190922,50
2023-02-06,126500897.5248636,-0.00463994,1.0,optimistic_hold,1.0058464955190922,50
2023-02-07,127970572.30221772,0.011617899999999999,1.0,optimistic_hold,1.0058464955190922,50
2023-02-08,127652642.21239008,-0.0024844,1.0,optimistic_hold,1.0058464955190922,50
2023-02-09,128767545.07115604,0.00873388,1.0,optimistic_hold,1.0058464955190922,50
2023-02-10,128329022.04571441,-0.0034055400000000007,1.0,optimistic_hold,1.0058464955190922,50
2023-02-13,128839825.45164561,0.00398042,1.0,optimistic_hold,1.0058464955190922,50
2023-02-14,128443769.25141074,-0.00307402,1.0,optimistic_hold,1.0058464955190922,50
2023-02-15,128755309.61373003,0.0024254999999999997,0.5,extreme_greed_reduce,0.9018233784370262,50
2023-02-16,125622237.13703194,-0.02433354,1.0,neutral_hold,0.9018233784370262,50
2023-02-17,125051522.75149469,-0.0045431000000000004,1.0,neutral_hold,0.9018233784370262,50
2023-02-20,125951993.75652364,0.0072008,0.8,concern_underweight,-1.233903671582792,50
2023-02-21,127190127.045549,0.009830199999999999,0.8,concern_underweight,-1.233903671582792,50
2023-02-22,126790136.99021362,-0.003144820000000001,0.5,extreme_greed_reduce,0.938690866546212,50
2023-02-23,127278892.68188898,0.00385484,1.0,neutral_hold,0.938690866546212,50
2023-02-24,126283146.62961505,-0.00782334,1.0,neutral_hold,0.938690866546212,50
2023-02-27,125166384.35336244,-0.00884332,1.0,neutral_hold,0.938690866546212,50
2023-02-28,125900667.94051607,0.0058664599999999996,1.0,neutral_hold,0.938690866546212,50
2023-03-01,126329868.353552,0.0034090400000000003,1.0,neutral_hold,0.938690866546212,50
2023-03-02,125476179.10856867,-0.00675762,1.0,neutral_hold,0.938690866546212,50
2023-03-03,126025845.07781883,0.00438064,1.0,neutral_hold,0.938690866546212,50
2023-03-06,126493148.91136739,0.0037080000000000004,1.0,neutral_hold,0.938690866546212,50
2023-03-07,124913391.15379119,-0.01248888,1.0,neutral_hold,0.938690866546212,50
2023-03-08,125885744.47147836,0.00778422,1.0,neutral_hold,0.938690866546212,50
2023-03-09,125987198.3106628,0.0008059199999999992,1.0,neutral_hold,0.938690866546212,50
2023-03-10,124054247.27981336,-0.01534244,1.0,neutral_hold,0.938690866546212,50
2023-03-13,123059064.25945513,-0.00802216,1.0,neutral_hold,0.938690866546212,50
2023-03-14,121454305.14843585,-0.013040560000000001,0.8,concern_underweight,0.0477381075827685,50
2023-03-15,121834010.17170751,0.003126319999999999,1.0,neutral_hold,0.0477381075827685,50
2023-03-16,118657185.91980004,-0.02607502,1.0,neutral_hold,0.0477381075827685,50
2023-03-17,119212961.93978608,0.0046838800000000005,1.0,neutral_hold,0.0477381075827685,50
2023-03-20,119111557.01010086,-0.0008506200000000001,1.0,neutral_hold,0.0477381075827685,50
2023-03-21,120497131.7259454,0.011632580000000002,1.2,panic_overweight,-1.334813868255917,50
2023-03-22,120462455.06137732,-0.00028777999999999985,0.8,concern_underweight,-1.334813868255917,50
2023-03-23,120813916.32026438,0.0029176,0.5,extreme_greed_reduce,1.002000947749193,50
2023-03-24,120383420.09224038,-0.0035632999999999993,1.0,optimistic_hold,1.002000947749193,50
2023-03-27,117965644.29844463,-0.020083959999999998,1.0,optimistic_hold,1.0078531481081847,50
2023-03-28,116697360.26689877,-0.0107513,0.5,extreme_greed_reduce,0.90345012775448,50
2023-03-29,115914577.71370046,-0.006707800000000002,1.0,neutral_hold,0.90345012775448,50
2023-03-30,116244303.68488175,0.00284456,1.0,neutral_hold,0.90345012775448,50
2023-03-31,116500071.37650745,0.00220026,1.2,panic_overweight,-1.2044342396686347,50
2023-04-03,117580297.31833327,0.009272319999999999,0.8,concern_underweight,-1.2044342396686347,50
2023-04-04,116250017.3505331,-0.011313800000000002,0.8,concern_underweight,-1.2044342396686347,50
2023-04-06,115937793.05393304,-0.0026857999999999995,0.8,optimistic_reduce,1.4431417163736289,50
2023-04-07,116938832.42174277,0.00863428,1.2,panic_overweight,-1.218245323146181,50
2023-04-10,115606714.3571039,-0.011391580000000002,0.8,concern_underweight,-1.218245323146181,50
2023-04-11,115870073.38881226,0.0022780599999999997,0.8,concern_underweight,-1.218245323146181,50
2023-04-12,115688796.97639693,-0.0015644800000000005,1.2,panic_overweight,-1.1889192203556036,50
2023-04-13,114530659.56762563,-0.010010800000000002,0.8,concern_underweight,-1.1889192203556036,50
2023-04-14,115523807.60083991,0.00867146,0.5,extreme_greed_reduce,1.1622762671836275,50
2023-04-17,115369132.77484314,-0.0013389,1.0,optimistic_hold,1.1622762671836275,50
2023-04-18,114650678.42263578,-0.006227440000000001,0.5,extreme_greed_reduce,0.9804789906599902,50
2023-04-19,112934357.76664892,-0.014969999999999999,1.0,optimistic_hold,0.9804789906599902,50
2023-04-20,110708563.87235905,-0.01970874,1.2,panic_overweight,-1.2452524752574812,50
2023-04-21,107948687.94187224,-0.0249292,1.2,panic_overweight,-1.2068603996340252,50
2023-04-24,106073895.58096305,-0.017367439999999998,0.8,concern_underweight,-1.2068603996340252,50
2023-04-25,102908264.42784719,-0.02984364,0.8,concern_underweight,-1.2068603996340252,50
2023-04-26,103763821.09848213,0.008313780000000002,0.8,concern_underweight,-1.2068603996340252,50
2023-04-27,102617940.61988021,-0.01104316,0.8,concern_underweight,-1.2068603996340252,50
2023-04-28,103725015.80102849,0.01078832,0.5,extreme_greed_reduce,1.3777291419343896,50
2023-05-04,103669222.11502911,-0.0005378999999999999,1.0,neutral_hold,0.9110308952007016,50
2023-05-05,102000614.15047665,-0.016095500000000002,1.0,neutral_hold,0.9110308952007016,50
2023-05-08,101464252.0810155,-0.00525842,1.0,optimistic_hold,1.2239144229739034,50
2023-05-09,99218732.51321524,-0.022131139999999997,1.0,optimistic_hold,1.2239144229739034,50
2023-05-10,99273828.67537984,0.0005552999999999995,1.0,optimistic_hold,1.2239144229739034,50
2023-05-11,99382549.40159197,0.0010951600000000004,1.0,optimistic_hold,1.2239144229739034,50
2023-05-12,97111775.4191739,-0.022848820000000002,1.0,optimistic_hold,1.2239144229739034,50
2023-05-15,98003902.45523968,0.0091866,0.5,extreme_greed_reduce,0.9001554412470212,50
2023-05-16,97161751.0012857,-0.008593040000000001,1.0,neutral_hold,0.9001554412470212,50
2023-05-17,97429252.84767239,0.00275316,1.0,neutral_hold,0.9001554412470212,50
2023-05-18,97412165.70530798,-0.00017537999999999967,1.0,neutral_hold,0.9001554412470212,50
2023-05-19,97483709.09628858,0.0007344400000000003,1.0,neutral_hold,0.9001554412470212,50
2023-05-22,97686116.47115938,0.002076320000000001,1.0,neutral_hold,0.9001554412470212,50
2023-05-23,97420244.16795982,-0.0027216999999999996,1.0,neutral_hold,0.9001554412470212,50
2023-05-24,96898243.11884929,-0.005358240000000001,0.5,extreme_greed_reduce,1.4389924549055042,50
2023-05-25,96565043.00616622,-0.0034386599999999996,1.2,panic_overweight,-1.2831312831021449,50
2023-05-26,95840530.93889783,-0.007502840000000002,0.8,concern_underweight,-1.2831312831021449,50
2023-05-29,94023191.29037075,-0.018962120000000002,0.8,concern_underweight,-1.304770965227193,50
2023-05-30,93841062.72744982,-0.0019370600000000002,0.5,extreme_greed_reduce,1.5067830525748975,50
2023-05-31,93669187.19060074,-0.00183156,0.5,extreme_greed_reduce,0.8828708835039029,50
2023-06-01,92990317.88305312,-0.00724752,1.0,neutral_hold,0.8828708835039029,50
2023-06-02,95328838.39717615,0.025148000000000004,1.2,panic_overweight,-1.2097013963965706,50
2023-06-05,96397516.62029737,0.011210440000000002,0.8,concern_underweight,-1.2097013963965706,50
2023-06-06,95601415.80133832,-0.008258520000000002,0.8,concern_underweight,-1.2097013963965706,50
2023-06-07,96124059.18138266,0.005466900000000001,0.8,concern_underweight,-1.2097013963965706,50
2023-06-08,96201062.24271168,0.0008010800000000006,0.5,extreme_greed_reduce,0.8734433999248553,50
2023-06-09,96253986.2950939,0.0005501399999999993,1.2,panic_overweight,-1.1257976470572193,50
2023-06-12,96328030.63659126,0.00076926,0.8,concern_underweight,-1.1257976470572193,50
2023-06-13,94120169.05567323,-0.02292024,0.8,concern_underweight,-1.1257976470572193,50
2023-06-14,94517576.41028377,0.004222340000000001,0.8,concern_underweight,-1.1257976470572193,50
2023-06-15,94937724.05059125,0.004445179999999999,0.8,concern_underweight,-1.1257976470572193,50
2023-06-16,96135809.64679249,0.0126197,0.8,concern_underweight,-1.1257976470572193,50
2023-06-19,96164635.00795698,0.0002998400000000013,1.2,panic_overweight,-1.2241923929945464,50
2023-06-20,94483827.20484851,-0.01747844,0.5,extreme_greed_reduce,1.444034287645218,50
2023-06-21,94317565.90379268,-0.0017596800000000004,1.2,panic_overweight,-1.2484032206445288,50
2023-06-26,93817603.57774723,-0.005300840000000001,0.5,extreme_greed_reduce,1.5197978315122271,50
2023-06-27,95922242.0240879,0.0224333,0.5,extreme_greed_reduce,1.002000947749193,50
2023-06-28,95606003.65813805,-0.0032968200000000002,0.5,extreme_greed_reduce,1.4846630393582765,50
2023-06-29,95299054.84703338,-0.00321056,0.8,optimistic_reduce,1.4846630393582765,50
2023-06-30,97021636.72488311,0.018075539999999998,0.8,optimistic_reduce,1.4846630393582765,50
2023-07-03,98733296.32084896,0.01764204,0.8,concern_underweight,-0.1341687026765594,50
2023-07-04,99343355.53615399,0.006178860000000001,0.8,concern_underweight,-0.1341687026765594,50
2023-07-05,99803054.99269488,0.00462738,0.8,concern_underweight,-0.1341687026765594,50
2023-07-06,100514497.0780881,0.0071284600000000005,0.8,concern_underweight,-0.1341687026765594,50
2023-07-07,100328993.55315061,-0.0018455399999999997,1.2,panic_overweight,-1.2090223064213212,50
2023-07-10,100545854.67271574,0.0021614999999999994,0.5,extreme_greed_reduce,1.4551596163902754,50
2023-07-11,100978561.80196814,0.0043035799999999996,0.8,optimistic_reduce,1.4551596163902754,50
2023-07-12,100635034.75428908,-0.0034019800000000006,1.2,panic_overweight,-1.2013239823644513,50
2023-07-13,99900773.36291204,-0.007296280000000001,0.8,concern_underweight,-1.2013239823644513,50
2023-07-14,99617810.41640799,-0.0028324400000000003,0.8,concern_underweight,-1.2013239823644513,50
2023-07-17,100390240.94130819,0.007753940000000001,0.8,optimistic_reduce,1.4564959989008706,50
2023-07-18,100731473.39368215,0.0033990599999999998,0.8,optimistic_reduce,1.4564959989008706,50
2023-07-19,101582259.47648305,0.00844608,0.8,optimistic_reduce,1.4564959989008706,50
2023-07-20,102053966.85658805,0.0046436,0.5,extreme_greed_reduce,0.9405467639207776,50
2023-07-21,102873917.41221797,0.00803448,1.0,neutral_hold,0.9405467639207776,50
2023-07-24,102295002.6718941,-0.005627420000000001,1.0,optimistic_hold,0.97636014954206,50
2023-07-25,104447307.94121124,0.021040180000000002,1.0,optimistic_hold,0.97636014954206,50
2023-07-26,105264058.73301144,0.00781974,1.0,optimistic_hold,0.97636014954206,50
2023-07-27,104468550.8725108,-0.007557259999999999,1.2,panic_overweight,-1.2857801837122116,50
2023-07-28,105737062.34085129,0.01214252,0.8,concern_underweight,-1.2857801837122116,50
2023-07-31,108191272.42631362,0.0232105,1.0,optimistic_hold,1.336054269314895,50
2023-08-01,108011575.37811531,-0.0016609199999999993,0.8,concern_underweight,0.1653865707101057,50
2023-08-02,107992615.02617344,-0.00017553999999999985,1.0,neutral_hold,0.1653865707101057,50
2023-08-03,108046686.92851704,0.0005007000000000002,1.0,neutral_hold,0.1653865707101057,50
2023-08-04,107924881.57647504,-0.0011273400000000001,1.0,neutral_hold,0.1653865707101057,50
2023-08-07,107821679.48771635,-0.0009562400000000006,1.0,neutral_hold,0.1653865707101057,50
2023-08-08,108074786.56744657,0.0023474599999999996,1.0,neutral_hold,0.1653865707101057,50
2023-08-09,108190718.39099747,0.0010727000000000002,1.0,neutral_hold,0.1653865707101057,50
2023-08-10,109062266.03351109,0.00805566,1.0,neutral_hold,0.1653865707101057,50
2023-08-11,108277126.78033584,-0.007199,1.0,neutral_hold,0.1653865707101057,50
2023-08-14,108501977.22735043,0.00207662,1.2,panic_overweight,-1.2749867772149643,50
2023-08-15,108125197.60130982,-0.003472560000000001,0.8,concern_underweight,-1.2749867772149643,50
2023-08-16,107822630.86086208,-0.0027983,1.2,panic_overweight,-1.2515446205396863,50
2023-08-17,108151768.06737533,0.00305258,0.8,concern_underweight,-1.2515446205396863,50
2023-08-18,107715687.16031551,-0.00403212,0.5,extreme_greed_reduce,1.4869446474084778,50
2023-08-21,107014600.2216089,-0.00650868,0.5,extreme_greed_reduce,1.4869446474084778,50
2023-08-22,106443636.66387855,-0.00533538,0.5,extreme_greed_reduce,0.9931524509476046,50
2023-08-23,104139129.80123283,-0.02165002,1.0,optimistic_hold,0.9931524509476046,50
2023-08-24,103725220.49870746,-0.003974580000000001,0.5,extreme_greed_reduce,1.4755635217684566,50
2023-08-25,102690125.77830677,-0.0099792,0.8,optimistic_reduce,1.4755635217684566,50
2023-08-28,102617973.64213242,-0.0007026199999999999,0.8,optimistic_reduce,1.4755635217684566,50
2023-08-29,104749178.60884327,0.020768339999999996,0.8,optimistic_reduce,1.4755635217684566,50
2023-08-30,105627280.49820334,0.0083829,0.8,optimistic_reduce,1.4755635217684566,50
2023-08-31,105356650.73029327,-0.00256212,0.5,extreme_greed_reduce,0.9834074727781568,50
2023-09-01,106064841.27943818,0.00672184,1.0,optimistic_hold,0.9834074727781568,50
2023-09-04,107617734.49931361,0.01464098,1.0,optimistic_hold,0.9834074727781568,50
2023-09-05,107245400.81384757,-0.00345978,1.2,panic_overweight,-1.1018510911671855,50
2023-09-06,107313325.76090702,0.0006333599999999999,0.8,concern_underweight,-1.1018510911671855,50
2023-09-07,105869965.82195586,-0.01344996,0.8,concern_underweight,-1.1018510911671855,50
2023-09-08,105859781.1312438,-9.620000000000035e-05,0.8,concern_underweight,-1.1018510911671855,50
2023-09-11,106392266.41631205,0.005030100000000001,0.8,optimistic_reduce,1.438752065303305,50
2023-09-12,106552608.07318276,0.0015070800000000005,0.8,concern_underweight,-0.1683070462166457,50
2023-09-13,105899365.9988685,-0.006130699999999999,0.8,concern_underweight,-0.1683070462166457,50
2023-09-14,105219578.90663588,-0.006419179999999999,0.5,extreme_greed_reduce,1.5108387468702231,50
2023-09-15,105916269.30445038,0.006621299999999999,0.5,extreme_greed_reduce,1.5108387468702231,50
2023-09-18,106833385.5704053,0.00865888,1.0,neutral_hold,0.9001554412470212,50
2023-09-19,106591790.41560869,-0.0022614199999999997,1.0,neutral_hold,0.9001554412470212,50
2023-09-20,106304679.03261682,-0.0026935600000000007,1.0,neutral_hold,0.9001554412470212,50
2023-09-21,105801930.18797429,-0.0047293199999999995,1.0,neutral_hold,0.9001554412470212,50
2023-09-22,106340809.0429621,0.00509328,1.0,neutral_hold,0.9001554412470212,50
2023-09-25,105153243.80434246,-0.011167539999999998,1.0,neutral_hold,0.9001554412470212,50
2023-09-26,104325466.95379029,-0.007872100000000002,1.0,neutral_hold,0.9001554412470212,50
2023-09-27,105359580.62591371,0.00991238,1.0,neutral_hold,0.9001554412470212,50
2023-09-28,105876369.3688838,0.004905,0.5,extreme_greed_reduce,1.3617677853814123,50
2023-10-09,105409935.25868396,-0.004405460000000001,1.2,panic_overweight,-1.1935127254228703,50
2023-10-10,105552951.24244553,0.00135676,0.8,concern_underweight,-1.1935127254228703,50
2023-10-11,105310812.77229536,-0.002294,0.8,concern_underweight,-1.1935127254228703,50
2023-10-12,106383327.57659599,0.01018428,0.8,concern_underweight,-1.1935127254228703,50
2023-10-13,106145075.73148854,-0.00223956,0.8,concern_underweight,-1.1935127254228703,50
2023-10-16,105397073.50571026,-0.00704698,0.8,concern_underweight,-1.1935127254228703,50
2023-10-17,105215752.59633398,-0.00172036,0.8,concern_underweight,-1.1935127254228703,50
2023-10-18,103042567.52138785,-0.020654560000000002,0.5,extreme_greed_reduce,1.500192820306104,50
2023-10-19,102520211.77300031,-0.0050693199999999996,0.5,extreme_greed_reduce,1.500192820306104,50
2023-10-20,102425046.36121991,-0.0009282599999999999,0.5,extreme_greed_reduce,1.4446288576701796,50
2023-10-23,100305144.9341771,-0.0206971,0.8,optimistic_reduce,1.4446288576701796,50
2023-10-24,101617968.76261908,0.0130883,0.5,extreme_greed_reduce,1.4947646284583025,50
2023-10-25,102039177.27549951,0.004145019999999999,0.5,extreme_greed_reduce,1.4947646284583025,50
2023-10-26,101891663.3184794,-0.00144566,0.5,extreme_greed_reduce,1.4947646284583025,50
2023-10-27,103235449.29315558,0.013188380000000001,0.5,extreme_greed_reduce,1.4947646284583025,50
2023-10-30,103588225.47048014,0.0034171999999999996,0.8,optimistic_reduce,1.4138129963488892,50
2023-10-31,103511684.13068001,-0.0007388999999999994,0.8,optimistic_reduce,1.4138129963488892,50
2023-11-01,103931544.0833835,0.0040561600000000005,1.2,panic_overweight,-1.218127006534253,50
2023-11-02,103837926.70573495,-0.0009007599999999997,0.8,concern_underweight,-1.218127006534253,50
2023-11-03,104837574.42613107,0.009627,0.8,concern_underweight,-1.218127006534253,50
2023-11-06,107133737.46496962,0.0219021,0.8,concern_underweight,-1.218127006534253,50
2023-11-07,107320953.67118965,0.0017474999999999997,0.8,concern_underweight,-1.218127006534253,50
2023-11-08,108146444.9826377,0.0076918,0.8,concern_underweight,-1.218127006534253,50
2023-11-09,107622293.77066925,-0.004846680000000001,0.5,extreme_greed_reduce,1.4330090212299829,50
2023-11-10,107211744.8541764,-0.0038147199999999997,0.5,extreme_greed_reduce,0.9491146640097692,50
2023-11-13,107974108.27372038,0.00711082,1.2,panic_overweight,-1.2621534053731265,50
2023-11-14,108374938.39638275,0.00371228,0.8,concern_underweight,-1.2621534053731265,50
2023-11-15,108780520.76583736,0.0037424,0.8,concern_underweight,-1.2621534053731265,50
2023-11-16,108326647.09660439,-0.00417238,0.8,concern_underweight,-1.2621534053731265,50
2023-11-17,109292075.84085874,0.0089122,0.8,concern_underweight,-1.2621534053731265,50
2023-11-20,110256099.71086214,0.008820620000000001,1.0,optimistic_hold,0.9706683240774038,50
2023-11-21,110055786.42890745,-0.0018168000000000008,1.0,optimistic_hold,0.9706683240774038,50
2023-11-22,109443585.70908657,-0.005562640000000001,1.2,panic_overweight,-1.3683949884010922,50
2023-11-23,109705250.000415,0.0023908600000000003,0.5,extreme_greed_reduce,1.510184170738578,50
2023-11-24,108565399.2882807,-0.01039012,0.5,extreme_greed_reduce,1.510184170738578,50
2023-11-27,107649159.42967926,-0.00843952,0.5,extreme_greed_reduce,1.510184170738578,50
2023-11-28,107869263.20701556,0.00204464,0.5,extreme_greed_reduce,1.510184170738578,50
2023-11-29,106646543.53471139,-0.011335200000000002,1.2,panic_overweight,-1.2500217594321907,50
2023-11-30,106110898.47222309,-0.00502262,0.8,concern_underweight,-1.2500217594321907,50
2023-12-01,107910501.11038855,0.01695964,0.8,concern_underweight,-1.2500217594321907,50
2023-12-04,108563789.1259008,0.0060539800000000005,0.5,extreme_greed_reduce,1.4164393672084945,50
2023-12-05,106202841.54740092,-0.0217471,0.5,extreme_greed_reduce,0.9804789906599902,50
2023-12-06,107788320.40423693,0.014928780000000001,1.0,optimistic_hold,0.9804789906599902,50
2023-12-07,108003718.11643355,0.0019983400000000004,1.0,optimistic_hold,0.9804789906599902,50
2023-12-08,107872560.56122732,-0.00121438,1.0,optimistic_hold,0.9804789906599902,50
2023-12-11,108924928.58539206,0.00975566,1.0,optimistic_hold,0.9804789906599902,50
2023-12-12,108876206.46483581,-0.0004473000000000002,1.0,optimistic_hold,0.9804789906599902,50
2023-12-13,107229863.21659148,-0.01512124,1.0,optimistic_hold,0.9804789906599902,50
2023-12-14,107337035.17568193,0.0009994600000000002,1.0,optimistic_hold,0.9804789906599902,50
2023-12-15,107261706.04439564,-0.0007018000000000003,1.0,optimistic_hold,0.9804789906599902,50
2023-12-18,105174198.0284667,-0.019461819999999998,1.2,panic_overweight,-1.3062894116587525,50
2023-12-19,105455658.90677859,0.00267614,0.8,concern_underweight,-1.3062894116587525,50
2023-12-20,103694119.14394705,-0.016704080000000003,0.8,concern_underweight,-1.3062894116587525,50
2023-12-21,105421965.9557131,0.01666292,0.8,concern_underweight,-1.3062894116587525,50
2023-12-22,103533417.88162857,-0.01791418,0.8,concern_underweight,-1.3062894116587525,50
2023-12-25,102101633.53905995,-0.0138292,0.8,concern_underweight,-1.3062894116587525,50
2023-12-26,101018855.92554156,-0.0106049,0.8,concern_underweight,-1.3062894116587525,50
2023-12-27,100486791.63175885,-0.00526698,0.5,extreme_greed_reduce,1.383074633640473,50
2023-12-28,103547639.40222056,0.030460200000000003,0.8,optimistic_reduce,1.383074633640473,50
2023-12-29,104782167.49441844,0.011922320000000002,1.2,panic_overweight,-1.2989373082546989,50
2024-01-02,104281099.16946013,-0.004782,0.5,extreme_greed_reduce,1.5004035096613082,50
2024-01-03,103915531.34821168,-0.003505600000000001,0.8,concern_underweight,0.1584050451215144,50
2024-01-04,102964290.65256077,-0.00915398,0.5,extreme_greed_reduce,0.999804744381964,50
2024-01-05,100828071.98081978,-0.020747180000000004,1.0,optimistic_hold,0.999804744381964,50
2024-01-08,98221252.92502047,-0.025854100000000005,1.2,panic_overweight,-1.1821538537085132,50
2024-01-09,98331239.11962084,0.0011197800000000003,0.8,concern_underweight,-1.1821538537085132,50
2024-01-10,97386197.24668999,-0.009610800000000001,0.8,concern_underweight,-1.1821538537085132,50
2024-01-11,99718279.19174519,0.02394674,0.8,concern_underweight,-1.1821538537085132,50
2024-01-12,98968106.55484803,-0.007522920000000001,0.8,concern_underweight,-1.1821538537085132,50
2024-01-15,98360600.72957174,-0.0061384000000000005,0.8,optimistic_reduce,1.4509040412384753,50
2024-01-16,97992795.03362761,-0.0037393600000000006,0.8,optimistic_reduce,1.4509040412384753,50
2024-01-17,95794148.33016121,-0.02243682,0.8,optimistic_reduce,1.4509040412384753,50
2024-01-18,96396588.14959475,0.006288900000000002,0.8,optimistic_reduce,1.4509040412384753,50
2024-01-19,95566256.85825059,-0.008613699999999998,0.8,optimistic_reduce,1.4509040412384753,50
2024-01-22,90764822.71515377,-0.05024193999999999,0.8,optimistic_reduce,1.4509040412384753,50
2024-01-23,92646629.81624605,0.020732780000000003,0.8,optimistic_reduce,1.4509040412384753,50
2024-01-24,94071136.60231172,0.015375700000000003,0.8,optimistic_reduce,1.4509040412384753,50
2024-01-25,97964300.6933621,0.04138532,0.8,optimistic_reduce,1.4509040412384753,50
2024-01-26,97898151.27896193,-0.0006752399999999998,0.8,optimistic_reduce,1.4509040412384753,50
2024-01-29,95021333.82714558,-0.02938582,0.8,concern_underweight,-1.197403165391398,50
2024-01-30,92407703.62486959,-0.02750572,0.8,concern_underweight,-1.197403165391398,50
2024-01-31,88641115.72495995,-0.040760540000000005,0.8,concern_underweight,-1.197403165391398,50
2024-02-01,88152025.95919129,-0.005517640000000001,0.5,extreme_greed_reduce,0.981469686020766,50
2024-02-02,84422001.68268602,-0.042313540000000004,1.0,optimistic_hold,0.981469686020766,50
2024-02-05,78826670.12452075,-0.06627812000000001,1.0,optimistic_hold,0.981469686020766,50
2024-02-06,82141046.250711,0.04204638,1.0,optimistic_hold,0.981469686020766,50
2024-02-07,83738346.250714,0.019445820000000003,1.0,optimistic_hold,0.981469686020766,50
2024-02-08,87521217.66875538,0.04517489999999999,1.2,panic_overweight,-1.1560026788636788,50
2024-02-19,89363798.36348699,0.021052960000000003,0.8,concern_underweight,-0.2103413621564894,50
2024-02-20,90191457.26751414,0.009261680000000001,0.8,concern_underweight,-0.2103413621564894,50
2024-02-21,91982221.27836464,0.01985514,0.8,concern_underweight,-0.2103413621564894,50
2024-02-22,94283112.39217673,0.02501452,0.8,concern_underweight,-0.2103413621564894,50
2024-02-23,96494769.81508972,0.02345762,0.8,concern_underweight,-0.2103413621564894,50
2024-02-26,98227335.33701505,0.01795502,0.8,concern_underweight,-0.2103413621564894,50
2024-02-27,101575748.03491734,0.034088400000000005,0.8,concern_underweight,-0.2103413621564894,50
2024-02-28,96102980.8107834,-0.053878680000000005,0.8,concern_underweight,-0.2103413621564894,50
2024-02-29,100548264.55143814,0.04625542,0.8,concern_underweight,-0.2103413621564894,50
2024-03-01,100939312.840001,0.00388916,0.8,concern_underweight,-0.2103413621564894,50
2024-03-04,99640674.07308546,-0.012865539999999998,0.8,concern_underweight,-0.2103413621564894,50
2024-03-05,97787668.41422917,-0.018596879999999996,0.8,concern_underweight,-0.2103413621564894,50
2024-03-06,99846032.33873416,0.02104932,0.8,concern_underweight,-0.2103413621564894,50
2024-03-07,99338646.75311907,-0.00508168,0.8,concern_underweight,-0.2103413621564894,50
2024-03-08,100158023.69990577,0.00824832,0.8,concern_underweight,-0.2103413621564894,50
2024-03-11,103323175.49850024,0.031601580000000004,0.8,concern_underweight,-0.2103413621564894,50
2024-03-12,105559401.05227779,0.02164302,0.8,concern_underweight,-0.2103413621564894,50
2024-03-13,105191317.53199652,-0.0034869799999999998,0.5,extreme_greed_reduce,1.4110732759670253,50
2024-03-14,105072329.32125703,-0.00113116,0.8,optimistic_reduce,1.4110732759670253,50
2024-03-15,106554155.97588837,0.014102920000000001,0.8,optimistic_reduce,1.4110732759670253,50
2024-03-18,108182318.39678179,0.015280140000000001,0.8,optimistic_reduce,1.4110732759670253,50
2024-03-19,107710158.8317854,-0.00436448,0.5,extreme_greed_reduce,1.5082697297529375,50
2024-03-20,109923369.94183552,0.020547839999999998,0.5,extreme_greed_reduce,1.5082697297529375,50
2024-03-21,109687001.7194496,-0.0021503000000000004,0.5,extreme_greed_reduce,1.5082697297529375,50
2024-03-22,107021427.69098414,-0.024301640000000003,0.5,extreme_greed_reduce,1.5082697297529375,50
2024-03-25,104815739.61098705,-0.02060978,1.0,neutral_hold,0.161143909635309,50
2024-03-26,105908647.03896645,0.010426939999999999,1.0,neutral_hold,0.161143909635309,50
2024-03-27,101560474.33517228,-0.04105588,1.2,panic_overweight,-1.357726955172477,50
2024-03-28,102641315.43360846,0.010642340000000002,0.8,concern_underweight,-1.357726955172477,50
2024-03-29,103811108.24147375,0.011396900000000001,0.8,concern_underweight,-1.357726955172477,50
2024-04-01,105942547.53477685,0.020531900000000002,1.2,panic_overweight,-1.261203138589925,50
2024-04-02,106152673.98355734,0.0019833999999999997,0.8,concern_underweight,-1.261203138589925,50
2024-04-03,105000155.29463655,-0.010857179999999998,0.8,concern_underweight,-1.261203138589925,50
2024-04-08,101415607.4931106,-0.0341385,0.8,concern_underweight,-1.2965901621833853,50
2024-04-09,102565461.70749179,0.01133804,0.8,concern_underweight,-1.2965901621833853,50
2024-04-10,100121271.36965294,-0.02383054,0.5,extreme_greed_reduce,0.928535419759192,50
2024-04-11,99587228.51301807,-0.00533396,1.0,neutral_hold,0.928535419759192,50
2024-04-12,98226870.95501938,-0.013659959999999999,1.0,neutral_hold,0.928535419759192,50
2024-04-15,94072909.62484193,-0.04228946,1.0,neutral_hold,0.928535419759192,50
2024-04-16,89197069.32690613,-0.051830440000000005,1.0,neutral_hold,0.928535419759192,50
2024-04-17,90996186.70281954,0.020170139999999996,1.0,neutral_hold,0.928535419759192,50
2024-04-18,89616824.64653233,-0.01515846,1.0,neutral_hold,0.928535419759192,50
2024-04-19,87556324.14453886,-0.02299234,1.0,neutral_hold,0.928535419759192,50
2024-04-22,86276222.66752198,-0.01462032,0.5,extreme_greed_reduce,1.358534982511343,50
2024-04-23,85742975.21808083,-0.006180700000000001,1.0,optimistic_hold,1.358534982511343,50
2024-04-24,85967693.8372514,0.0026208399999999997,1.0,optimistic_hold,1.358534982511343,50
2024-04-25,86387138.81225272,0.0048791,0.5,extreme_greed_reduce,1.002000947749193,50
2024-04-26,86754187.39860933,0.004248880000000001,1.2,panic_overweight,-1.169881646924878,50
2024-04-29,89137106.3058969,0.02746748,0.5,extreme_greed_reduce,1.3536106157315029,50
2024-04-30,88527852.40155396,-0.00683502,1.2,panic_overweight,-1.1084342619833647,50
2024-05-06,88984944.7207448,0.005163260000000001,0.5,extreme_greed_reduce,1.493139830797712,50
2024-05-07,89107380.88588499,0.0013759199999999994,0.5,extreme_greed_reduce,1.493139830797712,50
2024-05-08,87784408.9483151,-0.01484694,0.8,concern_underweight,-0.1522744156296121,50
2024-05-09,87785018.1721132,6.940000000000418e-06,0.8,concern_underweight,-0.1522744156296121,50
2024-05-10,86120171.79107834,-0.018965040000000002,0.8,concern_underweight,-0.1522744156296121,50
2024-05-13,84355638.36721659,-0.020489200000000003,1.0,neutral_hold,0.8593731381972192,50
2024-05-14,85503435.17044948,0.013606639999999998,1.0,neutral_hold,0.8593731381972192,50
2024-05-15,85912391.26059493,0.0047829199999999995,1.0,neutral_hold,0.8593731381972192,50
2024-05-16,86746521.54033534,0.009709079999999998,1.0,neutral_hold,0.8593731381972192,50
2024-05-17,87420481.29013868,0.0077693,0.5,extreme_greed_reduce,0.986211300176067,50
2024-05-20,87085844.42980815,-0.0038279000000000004,1.0,optimistic_hold,0.986211300176067,50
2024-05-21,86207489.63602155,-0.010086079999999999,1.2,panic_overweight,-1.2484032206445288,50
2024-05-22,86439739.50970016,0.00269408,0.8,concern_underweight,-1.2484032206445288,50
2024-05-23,85234904.38692857,-0.01393844,0.8,concern_underweight,-1.2484032206445288,50
2024-05-24,84426800.78192654,-0.009480899999999999,0.8,concern_underweight,-1.2484032206445288,50
2024-05-27,83608034.73355146,-0.00969794,0.8,concern_underweight,-1.2484032206445288,50
2024-05-28,82117300.12993085,-0.017830040000000002,0.8,concern_underweight,-1.2484032206445288,50
2024-05-29,81666926.15502225,-0.00548452,0.8,concern_underweight,-1.2484032206445288,50
2024-05-30,80601115.6018509,-0.013050700000000002,0.8,concern_underweight,-1.2484032206445288,50
2024-05-31,80272786.95744675,-0.0040735,0.8,concern_underweight,-1.2484032206445288,50
2024-06-03,77723270.26363885,-0.031760659999999996,0.8,concern_underweight,-1.2484032206445288,50
2024-06-04,75566233.44313154,-0.02775278,0.8,concern_underweight,-1.2484032206445288,50
2024-06-05,74402916.97179389,-0.015394660000000003,0.8,concern_underweight,-1.2484032206445288,50
2024-06-06,69079315.3476034,-0.07155098,0.8,concern_underweight,-1.2484032206445288,50
2024-06-07,69609591.65917881,0.0076763399999999985,0.8,concern_underweight,-1.2484032206445288,50
2024-06-11,69089993.64662254,-0.007464460000000001,1.0,optimistic_hold,1.3736438663394608,50
2024-06-12,69953063.0836564,0.012491960000000002,1.0,optimistic_hold,1.3736438663394608,50
2024-06-13,69137074.59339817,-0.011664800000000001,1.0,optimistic_hold,1.3736438663394608,50
2024-06-14,68551110.23138928,-0.0084754,1.0,optimistic_hold,1.3736438663394608,50
2024-06-17,68322433.3248128,-0.0033358600000000004,1.2,panic_overweight,-1.3255728008590324,50
2024-06-18,69187149.36994496,0.0126564,0.5,extreme_greed_reduce,1.377070927538934,50
2024-06-19,68962334.03052525,-0.00324938,0.8,optimistic_reduce,1.377070927538934,50
2024-06-20,67219662.74580729,-0.025269899999999998,0.8,optimistic_reduce,1.377070927538934,50
2024-06-21,66693929.6971128,-0.007821119999999999,1.2,panic_overweight,-1.2654096076004242,50
2024-06-24,65096498.035065055,-0.02395168,0.8,concern_underweight,-1.2654096076004242,50
2024-06-25,64246809.06937288,-0.01305276,1.2,panic_overweight,-1.1709846079791055,50
2024-06-26,65228916.63127567,0.01528648,0.8,concern_underweight,-1.1709846079791055,50
2024-06-27,64613561.38213788,-0.00943378,0.8,concern_underweight,-1.1709846079791055,50
2024-06-28,63933924.92901109,-0.010518479999999998,0.8,concern_underweight,-1.1709846079791055,50
2024-07-01,64306964.03682988,0.00583476,0.8,concern_underweight,-1.349029198223143,50
2024-07-02,65901482.21904797,0.02479542,0.8,concern_underweight,-1.349029198223143,50
2024-07-03,66778305.394061334,0.013305060000000002,0.8,concern_underweight,-1.349029198223143,50
2024-07-04,65539217.91068123,-0.01855524,0.8,concern_underweight,-1.349029198223143,50
2024-07-05,66406141.84794784,0.01322756,0.5,extreme_greed_reduce,1.4350793104563178,50
2024-07-08,64711256.561439835,-0.02552302,1.2,panic_overweight,-1.2650897249034392,50
2024-07-09,64020494.95904961,-0.010674519999999998,0.8,concern_underweight,-1.2650897249034392,50
2024-07-10,62897083.8000666,-0.01754768,0.8,concern_underweight,-1.2650897249034392,50
2024-07-11,65069892.492598444,0.03454546000000001,0.8,concern_underweight,-1.2650897249034392,50
2024-07-12,65666938.68836858,0.00917546,1.2,panic_overweight,-1.2245952587796896,50
2024-07-15,65159359.51908297,-0.0077296,0.8,concern_underweight,-1.2245952587796896,50
2024-07-16,65522944.83563789,0.00557994,0.8,concern_underweight,-1.2245952587796896,50
2024-07-17,65238169.01279324,-0.004346199999999999,0.8,concern_underweight,-1.2245952587796896,50
2024-07-18,65416374.90003197,0.00273162,0.5,extreme_greed_reduce,0.995354660299024,50
2024-07-19,65475978.37585838,0.0009111400000000002,1.0,optimistic_hold,0.995354660299024,50
2024-07-22,66153457.01459382,0.01034698,0.5,extreme_greed_reduce,1.4531991924226553,50
2024-07-23,65847091.093675256,-0.004631139999999999,0.8,optimistic_reduce,1.4531991924226553,50
2024-07-24,64954780.04202118,-0.013551259999999999,0.8,optimistic_reduce,1.4531991924226553,50
2024-07-25,65249882.59870809,0.004543200000000001,1.2,panic_overweight,-1.3000307708891976,50
2024-07-26,65706595.23696479,0.00699944,0.8,concern_underweight,-1.3000307708891976,50
2024-07-29,66098943.772575654,0.005971219999999999,0.5,extreme_greed_reduce,1.412275856541671,50
2024-07-30,67159158.9328779,0.01603982,1.2,panic_overweight,-1.287327602366736,50
2024-07-31,68324150.05832203,0.017346720000000003,0.8,concern_underweight,-1.287327602366736,50
2024-08-01,68557438.76924716,0.0034144399999999995,0.8,concern_underweight,-1.287327602366736,50
2024-08-02,68759488.51049033,0.0029471600000000003,0.8,concern_underweight,-1.287327602366736,50
2024-08-05,68489420.4922779,-0.00392772,0.8,concern_underweight,-1.287327602366736,50
2024-08-06,69370880.70380193,0.01287002,0.8,concern_underweight,-1.287327602366736,50
2024-08-07,69233326.57187198,-0.001982879999999999,0.8,concern_underweight,-1.287327602366736,50
2024-08-08,70180167.08473502,0.013676080000000002,0.8,concern_underweight,-1.287327602366736,50
2024-08-09,69168498.92215843,-0.014415300000000002,1.2,panic_overweight,-1.1604203005253606,50
2024-08-12,68188424.17690077,-0.014169380000000002,0.8,concern_underweight,-1.1604203005253606,50
2024-08-13,68430293.97253017,0.00354708,0.8,concern_underweight,-1.1604203005253606,50
2024-08-14,68215621.29730895,-0.0031371000000000007,0.8,concern_underweight,-1.1604203005253606,50
2024-08-15,68337028.73146905,0.0017797599999999996,0.8,concern_underweight,-1.1604203005253606,50
2024-08-16,67755581.75576676,-0.00850852,0.8,concern_underweight,-1.1604203005253606,50
2024-08-19,67469119.28677319,-0.00422788,0.8,concern_underweight,-1.1604203005253606,50
2024-08-20,67120642.63503939,-0.0051649800000000004,1.2,panic_overweight,-1.252831076622308,50
2024-08-21,67424429.32119273,0.00452598,0.8,concern_underweight,-1.252831076622308,50
2024-08-22,67098277.12923732,-0.004837299999999999,0.8,concern_underweight,-1.252831076622308,50
2024-08-23,66999113.92743356,-0.0014778799999999991,0.8,concern_underweight,-1.252831076622308,50
2024-08-26,67635164.65557455,0.009493419999999999,0.8,concern_underweight,-1.2683500468882618,50
2024-08-27,67386033.23197232,-0.003683459999999999,1.2,panic_overweight,-1.2501171186313054,50
2024-08-28,67912788.50602598,0.007816980000000001,0.8,concern_underweight,-1.2501171186313054,50
2024-08-29,68628443.9635121,0.01053786,0.8,concern_underweight,0.1047528664315109,50
2024-08-30,70146494.16343394,0.02211984,0.5,extreme_greed_reduce,1.275758670303916,50
2024-09-02,69449228.19094023,-0.00994014,1.0,optimistic_hold,1.275758670303916,50
2024-09-03,70714277.82908317,0.018215460000000003,0.5,extreme_greed_reduce,1.304192982661187,50
2024-09-04,70338169.79959363,-0.005318700000000001,1.0,optimistic_hold,1.304192982661187,50
2024-09-05,70995028.42532073,0.009338579999999999,1.0,optimistic_hold,1.304192982661187,50
2024-09-06,70469934.99608138,-0.007396199999999999,1.2,panic_overweight,-1.3457389339859325,50
2024-09-09,70326737.26937194,-0.0020320399999999997,0.8,concern_underweight,-1.3457389339859325,50
2024-09-10,70283086.87008359,-0.0006206800000000002,1.0,neutral_hold,0.3495648067747858,50
2024-09-11,70110976.24129438,-0.00244882,0.5,extreme_greed_reduce,0.9522523998771812,50
2024-09-12,70432909.01756011,0.00459176,1.0,neutral_hold,0.9522523998771812,50
2024-09-13,69367670.43231308,-0.01512416,1.0,neutral_hold,0.9522523998771812,50
2024-09-18,68683504.03560622,-0.0098629,1.0,neutral_hold,0.9522523998771812,50
2024-09-19,70145091.74882407,0.021280040000000004,1.0,neutral_hold,0.9522523998771812,50
2024-09-20,70415321.50608091,0.003852440000000001,1.0,neutral_hold,0.9522523998771812,50
2024-09-23,70400372.33332516,-0.00021229999999999996,0.8,concern_underweight,-1.320883613526787,50
2024-09-24,71970187.99576257,0.022298400000000003,0.8,concern_underweight,-1.320883613526787,50
2024-09-25,72846150.10849284,0.01217118,0.5,extreme_greed_reduce,0.8806374492795089,50
2024-09-26,74143305.47732174,0.01780678,0.5,extreme_greed_reduce,0.938690866546212,50
2024-09-27,76305733.53608668,0.029165519999999997,1.0,neutral_hold,0.938690866546212,50
2024-09-30,79872071.23111486,0.04673748,1.0,neutral_hold,0.938690866546212,50
2024-10-08,81391103.84085101,0.01901832,0.8,optimistic_reduce,1.4491488492101707,50
2024-10-09,77581733.21827859,-0.046803279999999996,0.5,extreme_greed_reduce,1.515921246774998,50
2024-10-10,76953313.4210372,-0.008100099999999999,0.5,extreme_greed_reduce,1.515921246774998,50
2024-10-11,75973645.41293427,-0.012730680000000001,1.2,panic_overweight,-1.2882608530300086,50
2024-10-14,77168912.94517653,0.01573266,0.8,concern_underweight,-1.316615304081263,50
2024-10-15,77225220.0141961,0.0007296600000000001,0.5,extreme_greed_reduce,1.4245767885878626,50
2024-10-16,77507248.06219235,0.0036520199999999993,0.8,optimistic_reduce,1.4245767885878626,50
2024-10-17,77124475.41734728,-0.004938540000000001,0.8,optimistic_reduce,1.4245767885878626,50
2024-10-18,77908296.0884823,0.01016306,0.8,optimistic_reduce,1.4245767885878626,50
2024-10-21,78356887.38286203,0.0057579400000000005,0.8,optimistic_reduce,1.4245767885878626,50
2024-10-22,79942194.52556562,0.02023188,0.8,optimistic_reduce,1.4245767885878626,50
2024-10-23,80993934.82171454,0.013156260000000001,0.8,optimistic_reduce,1.4245767885878626,50
2024-10-24,81844797.1654397,0.01050526,0.8,optimistic_reduce,1.4245767885878626,50
2024-10-25,84208322.67625487,0.028878139999999997,0.8,concern_underweight,-0.1408436160925069,50
2024-10-28,86216042.76799895,0.0238423,1.0,optimistic_hold,0.978964441199347,50
2024-10-29,85255013.23111433,-0.01114676,1.0,optimistic_hold,0.978964441199347,50
2024-10-30,86232840.4900678,0.01146944,1.0,optimistic_hold,0.978964441199347,50
2024-10-31,87068334.95966478,0.009688819999999999,1.2,panic_overweight,-1.249623112532696,50
2024-11-01,85903959.66804898,-0.013373119999999999,0.8,concern_underweight,-1.249623112532696,50
2024-11-04,87696646.45038165,0.020868499999999998,0.8,concern_underweight,-1.352378226507318,50
2024-11-05,89452649.02024552,0.020023600000000003,0.8,concern_underweight,-1.352378226507318,50
2024-11-06,90142538.26339033,0.00771234,0.8,concern_underweight,0.0832278150554242,50
2024-11-07,92137334.94393468,0.02212936,1.0,neutral_hold,0.0832278150554242,50
2024-11-08,92207827.37615359,0.0007650799999999998,1.0,neutral_hold,0.0832278150554242,50
2024-11-11,93804289.72530921,0.01731374,1.0,neutral_hold,0.0832278150554242,50
2024-11-12,94256321.34098071,0.00481888,1.0,neutral_hold,0.0832278150554242,50
2024-11-13,94464071.69884835,0.0022041000000000005,1.0,neutral_hold,0.0832278150554242,50
2024-11-14,93733378.87928772,-0.00773514,1.0,neutral_hold,0.0832278150554242,50
2024-11-15,92180889.79691827,-0.016562820000000002,0.5,extreme_greed_reduce,0.9666459636143504,50
2024-11-18,90724743.30953448,-0.01579662,1.0,optimistic_hold,0.9666459636143504,50
2024-11-19,91608384.16442068,0.0097398,1.0,neutral_hold,0.5331626137428375,50
2024-11-20,93088165.54067919,0.016153340000000002,1.0,neutral_hold,0.5331626137428375,50
2024-11-21,93361044.18914513,0.0029314,1.0,neutral_hold,0.5331626137428375,50
2024-11-22,90710656.71729805,-0.02838858,1.0,neutral_hold,0.5331626137428375,50
2024-11-25,91043846.03048636,0.0036731000000000008,1.0,optimistic_hold,1.369964963445683,50
2024-11-26,90684816.44454207,-0.00394348,0.5,extreme_greed_reduce,1.5076876466966196,50
2024-11-27,91179382.41428934,0.005453679999999999,0.5,extreme_greed_reduce,1.5076876466966196,50
2024-11-28,91445011.66190158,0.00291326,0.5,extreme_greed_reduce,1.5076876466966196,50
2024-11-29,92125814.28702374,0.007444940000000001,0.5,extreme_greed_reduce,1.5076876466966196,50
2024-12-02,93519475.18039496,0.015127800000000002,0.5,extreme_greed_reduce,1.5076876466966196,50
2024-12-03,93806172.22428699,0.0030656399999999997,0.5,extreme_greed_reduce,1.5076876466966196,50
2024-12-04,93227519.47030425,-0.0061686,0.5,extreme_greed_reduce,1.5076876466966196,50
2024-12-05,93419400.35087803,0.0020582,0.5,extreme_greed_reduce,1.5076876466966196,50
2024-12-06,94572419.95776871,0.0123424,0.5,extreme_greed_reduce,1.5076876466966196,50
2024-12-09,95037383.36904266,0.00491648,0.5,extreme_greed_reduce,1.5076876466966196,50
2024-12-10,95216707.50697404,0.00188688,0.5,extreme_greed_reduce,1.5076876466966196,50
2024-12-11,96267581.93404797,0.01103666,1.2,panic_overweight,-1.297939980317956,50
2024-12-12,96726949.65616922,0.0047717800000000015,0.8,concern_underweight,-1.297939980317956,50
2024-12-13,94869658.73958024,-0.01920138,0.8,concern_underweight,-1.297939980317956,50
2024-12-16,94873290.3501168,3.828000000000013e-05,0.8,concern_underweight,-1.297939980317956,50
2024-12-17,93723788.48704252,-0.012116179999999999,1.2,panic_overweight,-1.32956742023802,50
2024-12-18,94066416.41509037,0.0036557200000000003,0.8,concern_underweight,-1.32956742023802,50
2024-12-19,93473084.96823888,-0.006307580000000001,0.8,concern_underweight,-1.32956742023802,50
2024-12-20,93839198.47798076,0.00391678,0.8,concern_underweight,-1.32956742023802,50
2024-12-23,92976176.2606345,-0.00919682,1.2,panic_overweight,-1.1481200773050904,50
2024-12-24,94044431.61635163,0.011489560000000001,0.8,concern_underweight,-1.1481200773050904,50
2024-12-25,93282049.14612189,-0.00810662,0.8,concern_underweight,-1.1481200773050904,50
2024-12-26,93260431.96405277,-0.00023174000000000014,0.8,concern_underweight,-0.3562431464494014,50
2024-12-27,93663132.37448218,0.0043180200000000005,0.8,concern_underweight,-0.3562431464494014,50
2024-12-30,93313832.58165538,-0.0037293200000000004,0.8,concern_underweight,-0.3562431464494014,50
2024-12-31,92013560.31292956,-0.0139344,1.2,panic_overweight,-1.245033786133815,50
2025-01-02,90700499.20319596,-0.014270299999999996,0.8,concern_underweight,-1.245033786133815,50
2025-01-03,90327649.40508145,-0.0041107800000000005,0.8,concern_underweight,-1.245033786133815,50
2025-01-06,90472605.41029374,0.0016047799999999997,0.8,concern_underweight,-0.1149390423605258,50
2025-01-07,90635070.68673322,0.0017957400000000003,1.0,neutral_hold,-0.1149390423605258,50
2025-01-08,90090653.00763921,-0.0060067,1.0,neutral_hold,-0.1149390423605258,50
2025-01-09,89746912.12108856,-0.0038155000000000003,1.2,panic_overweight,-1.3099137921740809,50
2025-01-10,88655352.73784813,-0.01216264,0.5,extreme_greed_reduce,0.9690638496624566,50
2025-01-13,89188788.44905765,0.006016960000000001,1.2,panic_overweight,-1.1935127254228703,50
2025-01-14,91131421.93669698,0.02178114,0.8,concern_underweight,-1.1935127254228703,50
2025-01-15,90481820.75747626,-0.00712818,0.5,extreme_greed_reduce,1.4792308169478914,50
2025-01-16,91167070.34989168,0.00757334,0.8,optimistic_reduce,1.4792308169478914,50
2025-01-17,91220651.06047772,0.0005877200000000001,0.8,optimistic_reduce,1.4792308169478914,50
2025-01-20,91349080.61510576,0.0014078999999999997,0.8,optimistic_reduce,1.4792308169478914,50
2025-01-21,90691833.11498813,-0.0071949,0.8,optimistic_reduce,1.4792308169478914,50
2025-01-22,90445953.0447201,-0.0027111600000000002,0.8,optimistic_reduce,1.4792308169478914,50
2025-01-23,90387581.0355441,-0.0006453800000000001,0.8,optimistic_reduce,1.4792308169478914,50
2025-01-24,90861672.93683363,0.0052451,1.2,panic_overweight,-1.3121782095073455,50
2025-01-27,91483117.71441819,0.006839460000000001,0.8,concern_underweight,-0.1612753032219438,50
2025-02-05,92508180.55942118,0.011204939999999998,1.0,optimistic_hold,1.3616400164396698,50
2025-02-06,93820601.51767212,0.014187080000000001,1.0,optimistic_hold,1.3616400164396698,50
2025-02-07,95334513.26070565,0.01613624,0.5,extreme_greed_reduce,0.9943762632291496,50
2025-02-10,97127067.13995378,0.018802779999999998,1.0,optimistic_hold,0.9684676464984044,50
2025-02-11,96535359.33423047,-0.0060921000000000005,1.0,optimistic_hold,0.9684676464984044,50
2025-02-12,97251211.49925189,0.007415440000000001,1.0,optimistic_hold,0.9684676464984044,50
2025-02-13,97367035.74712327,0.0011909799999999995,1.0,optimistic_hold,0.9684676464984044,50
2025-02-14,97091298.14390956,-0.0028319399999999994,0.5,extreme_greed_reduce,0.9866672189506674,50
2025-02-17,97864467.22024491,0.007963320000000001,1.0,optimistic_hold,0.9768893090134756,50
2025-02-18,96056564.07047303,-0.018473540000000004,1.0,optimistic_hold,0.9768893090134756,50
2025-02-19,97049297.13335368,0.01033488,1.0,optimistic_hold,0.9768893090134756,50
2025-02-20,97285540.35539351,0.002434259999999998,0.5,extreme_greed_reduce,1.4029892691571384,50
2025-02-21,97240798.73538408,-0.0004599000000000003,0.8,optimistic_reduce,1.4029892691571384,50
2025-02-24,97016742.32138593,-0.0023041399999999992,0.8,optimistic_reduce,1.4029892691571384,50
2025-02-25,96238016.09546001,-0.00802672,0.8,optimistic_reduce,1.4029892691571384,50
2025-02-26,96959279.60612872,0.007494580000000001,1.2,panic_overweight,-1.246898803202752,50
2025-02-27,96989497.93521076,0.0003116599999999993,0.8,concern_underweight,-1.246898803202752,50
2025-02-28,95129520.63435744,-0.0191771,0.8,concern_underweight,-1.246898803202752,50
2025-03-03,95245949.65466183,0.0012239,0.8,concern_underweight,-1.336360949665705,50
2025-03-04,95761190.2389947,0.00540958,0.8,concern_underweight,-1.336360949665705,50
2025-03-05,95461905.87591697,-0.003125320000000001,0.5,extreme_greed_reduce,1.476090481503548,50
2025-03-06,96102663.37129919,0.00671218,0.8,optimistic_reduce,1.476090481503548,50
2025-03-07,95481674.8693396,-0.006461720000000001,0.8,optimistic_reduce,1.476090481503548,50
2025-03-10,96101818.79944848,0.0064949000000000005,0.8,concern_underweight,-1.3247800675412853,50
2025-03-11,96428192.10830964,0.0033961200000000003,0.8,concern_underweight,-1.3247800675412853,50
2025-03-12,96782328.50095509,0.00367254,0.8,concern_underweight,-1.3247800675412853,50
2025-03-13,96613023.30241522,-0.0017493399999999998,0.5,extreme_greed_reduce,1.007191031982156,50
2025-03-14,97839160.4360113,0.012691219999999998,1.0,optimistic_hold,1.007191031982156,50
2025-03-17,98399702.51076451,0.00572922,0.8,concern_underweight,-1.1580216745581082,50
2025-03-18,98792407.85150877,0.00399092,0.8,concern_underweight,-1.1580216745581082,50
2025-03-19,98851479.7838595,0.00059794,0.5,extreme_greed_reduce,1.2391108807885294,50
2025-03-20,98629318.99116367,-0.0022474199999999995,1.0,optimistic_hold,1.2391108807885294,50
2025-03-21,97877015.97021306,-0.00762758,1.0,optimistic_hold,1.2391108807885294,50
2025-03-24,96492661.07419324,-0.014143820000000001,0.8,concern_underweight,-1.2222831989950451,50
2025-03-25,97267695.91750081,0.008032059999999999,0.8,concern_underweight,-0.1294600117085504,50
2025-03-26,97379359.2324141,0.0011479999999999997,1.2,panic_overweight,-1.3596649823872176,50
2025-03-27,96801486.74368274,-0.0059342399999999995,0.5,extreme_greed_reduce,0.8850310770314815,50
2025-03-28,95972635.62961838,-0.008562380000000001,1.0,neutral_hold,0.8850310770314815,50
2025-03-31,94671711.19803719,-0.013555159999999998,0.5,extreme_greed_reduce,0.9641359457445684,50
2025-04-01,96112563.51974727,0.015219460000000002,1.0,neutral_hold,0.9641359457445684,50
2025-04-02,95776598.20946147,-0.00349554,1.0,neutral_hold,0.9641359457445684,50
2025-04-03,96154105.50236799,0.00394154,1.0,neutral_hold,0.9641359457445684,50
2025-04-07,88121383.83637172,-0.08354008,0.8,optimistic_reduce,1.432634788917269,50
2025-04-08,87447561.91243923,-0.00764652,0.5,extreme_greed_reduce,1.4327804289070407,50
2025-04-09,88977094.97519104,0.017490860000000004,1.2,panic_overweight,-1.3616564656941157,50
2025-04-10,91259289.8387125,0.02564924,0.8,concern_underweight,-1.3616564656941157,50
2025-04-11,91381069.88544486,0.0013344400000000005,0.5,extreme_greed_reduce,0.915193121239528,50
2025-04-14,92991697.79460378,0.0176254,0.5,extreme_greed_reduce,0.9458199775023104,50
2025-04-15,92650185.7844531,-0.0036725,1.0,neutral_hold,0.9458199775023104,50
2025-04-16,92028590.12901405,-0.00670906,0.5,extreme_greed_reduce,1.1184223962451247,50
2025-04-17,92848314.54929842,0.008907279999999998,1.0,optimistic_hold,1.1184223962451247,50
2025-04-18,92591876.78934471,-0.0027618999999999994,1.0,optimistic_hold,1.1184223962451247,50
2025-04-21,92720657.2752584,0.0013908400000000004,1.0,optimistic_hold,1.1184223962451247,50
2025-04-22,92886274.91328347,0.0017861999999999995,1.0,optimistic_hold,1.1184223962451247,50
2025-04-23,92964425.7095445,0.0008413600000000004,1.0,optimistic_hold,1.1184223962451247,50
2025-04-24,92265126.84718364,-0.0075222200000000005,1.2,panic_overweight,-1.2626388439610476,50
2025-04-25,92792610.26797406,0.0057170400000000005,0.8,concern_underweight,-1.2626388439610476,50
2025-04-28,90619411.04720253,-0.02341996,1.0,optimistic_hold,0.999804744381964,50
2025-04-29,90480121.7628701,-0.0015370799999999995,1.0,optimistic_hold,0.999804744381964,50
2025-04-30,90548586.26140563,0.00075668,1.2,panic_overweight,-1.198585016166295,50
2025-05-06,93407730.31147851,0.0315758,0.8,optimistic_reduce,1.456642677064608,50
2025-05-07,94583089.12276088,0.0125831,1.2,panic_overweight,-1.3088410296591229,50
2025-05-08,95690700.6046094,0.011710459999999999,0.8,concern_underweight,-1.3088410296591229,50
2025-05-09,95772675.00018933,0.0008566599999999993,0.8,concern_underweight,-1.3088410296591229,50
2025-05-12,97591905.69362043,0.018995300000000003,1.0,optimistic_hold,0.9919054736563468,50
2025-05-13,97670301.27146412,0.0008033000000000007,0.5,extreme_greed_reduce,0.99106084670264,50
2025-05-14,99099614.3204888,0.014634059999999997,1.0,optimistic_hold,0.99106084670264,50
2025-05-15,99003523.37045908,-0.0009696400000000007,1.0,optimistic_hold,0.99106084670264,50
2025-05-16,98176885.53179556,-0.00834958,1.2,panic_overweight,-1.264471117774065,50
2025-05-19,101107053.22200042,0.029845800000000006,0.8,concern_underweight,-1.264471117774065,50
2025-05-20,102597282.21228588,0.014739119999999998,0.5,extreme_greed_reduce,0.9774142520299636,50
2025-05-21,102833890.0125782,0.002306179999999999,1.0,optimistic_hold,0.9774142520299636,50
2025-05-22,101945390.80612493,-0.008640140000000001,1.2,panic_overweight,-1.2207482617006231,50
2025-05-23,100008815.77329361,-0.018996199999999998,0.8,concern_underweight,-1.2207482617006231,50
2025-05-26,101562384.720337,0.01553432,0.8,concern_underweight,-1.158683281859944,50
2025-05-27,102926808.32788083,0.013434340000000001,1.2,panic_overweight,-1.261300230487678,50
2025-05-28,102086721.77684483,-0.00816198,0.8,concern_underweight,-1.261300230487678,50
2025-05-29,103418242.97244908,0.013043040000000002,0.8,concern_underweight,-1.261300230487678,50
2025-05-30,102373284.36180685,-0.010104199999999999,1.2,panic_overweight,-1.3513844758361049,50
2025-06-03,102129242.83161381,-0.0023838400000000004,0.8,concern_underweight,-1.3513844758361049,50
2025-06-04,103797264.60499144,0.016332460000000004,0.8,concern_underweight,-1.3513844758361049,50
2025-06-05,103937251.8238736,0.0013486600000000004,1.2,panic_overweight,-1.231865176792904,50
2025-06-06,104622734.62961234,0.00659516,0.8,concern_underweight,-1.231865176792904,50
2025-06-09,106144281.89142303,0.014543179999999998,0.8,concern_underweight,-1.1780332698561655,50
2025-06-10,106321022.73520045,0.0016650999999999994,0.5,extreme_greed_reduce,1.2185997172770235,50
2025-06-11,107502404.52648172,0.01111146,1.0,optimistic_hold,1.2185997172770235,50
2025-06-12,106985419.0129696,-0.00480906,0.5,extreme_greed_reduce,0.9615264957268668,50
2025-06-13,104481919.55360688,-0.023400380000000002,1.2,panic_overweight,-1.3195405399962603,50
2025-06-16,106280425.34475808,0.01721356,0.8,concern_underweight,-1.2874551857960312,50
2025-06-17,106260468.00648685,-0.0001877800000000003,0.8,concern_underweight,-1.2874551857960312,50
2025-06-18,105375554.20623179,-0.008327780000000002,0.5,extreme_greed_reduce,0.9449699011917208,50
2025-06-19,104195870.66187085,-0.01119504,1.0,neutral_hold,0.9449699011917208,50
2025-06-20,101450488.68682809,-0.02634828,1.0,neutral_hold,0.9449699011917208,50
2025-06-23,102841541.26552594,0.01371164,1.0,neutral_hold,0.9449699011917208,50
2025-06-24,104931542.60155624,0.020322540000000004,1.0,neutral_hold,0.9449699011917208,50
2025-06-25,105358145.98526457,0.00406554,1.0,neutral_hold,0.9449699011917208,50
2025-06-26,104898009.03281435,-0.004367360000000002,0.5,extreme_greed_reduce,0.9284070700281978,50
2025-06-27,104922343.27294977,0.00023197999999999974,1.0,neutral_hold,0.9284070700281978,50
2025-06-30,105612436.41067776,0.00657718,1.0,neutral_hold,0.9191079361801444,50
2025-07-01,106124489.85962002,0.00484842,1.0,neutral_hold,0.9191079361801444,50
2025-07-02,106103441.12830126,-0.00019834000000000008,1.0,neutral_hold,0.9191079361801444,50
2025-07-03,107695247.39348449,0.015002399999999999,1.0,neutral_hold,0.9191079361801444,50
2025-07-04,106469449.31812711,-0.011382100000000001,1.2,panic_overweight,-1.255857708016505,50
2025-07-07,106478037.14390911,8.066000000000017e-05,0.8,concern_underweight,-1.255857708016505,50
2025-07-08,107642821.68783376,0.010939200000000001,0.8,concern_underweight,-1.255857708016505,50
2025-07-09,107536632.0442387,-0.0009865000000000004,0.8,concern_underweight,-1.255857708016505,50
2025-07-10,108749752.79032977,0.011281000000000001,0.8,concern_underweight,-1.255857708016505,50
2025-07-11,108843362.40253663,0.00086078,0.8,concern_underweight,-1.255857708016505,50
2025-07-14,108089282.52660838,-0.006928119999999999,1.2,panic_overweight,-1.3063830423299654,50
2025-07-15,106611797.15303826,-0.013669119999999996,0.8,concern_underweight,-1.3063830423299654,50
2025-07-16,107302076.55606505,0.0064747,0.8,concern_underweight,-1.3063830423299654,50
2025-07-17,107757063.11316113,0.00424024,0.8,concern_underweight,-1.3063830423299654,50
2025-07-18,107437016.01515,-0.0029700799999999995,0.5,extreme_greed_reduce,0.9050376744525084,50
2025-07-21,108853362.49475835,0.013183040000000002,0.5,extreme_greed_reduce,1.0016399605446191,50
2025-07-22,109454426.81471467,0.0055217800000000004,1.0,optimistic_hold,1.0016399605446191,50
2025-07-23,108573837.4928393,-0.00804526,1.0,optimistic_hold,1.0016399605446191,50
2025-07-24,109888875.12664557,0.01211192,1.0,optimistic_hold,1.0016399605446191,50
2025-07-25,109194153.26253991,-0.00632204,0.5,extreme_greed_reduce,0.995973432362016,50
2025-07-28,108807134.24124841,-0.0035443200000000005,1.0,optimistic_hold,0.995973432362016,50
2025-07-29,108681398.8930619,-0.0011555800000000002,1.0,optimistic_hold,0.995973432362016,50
2025-07-30,108386400.6247905,-0.0027143400000000004,0.5,extreme_greed_reduce,0.9628441396495024,50
2025-07-31,106677405.04657105,-0.015767620000000003,1.0,neutral_hold,0.9628441396495024,50
2025-08-01,106902869.87568507,0.00211352,1.0,neutral_hold,0.9628441396495024,50
2025-08-04,107283206.76807138,0.0035577800000000004,1.0,neutral_hold,-0.1203308562384852,50
2025-08-05,108433057.4498909,0.0107179,0.8,concern_underweight,-0.1370519696022824,50
2025-08-06,109188376.10415304,0.0069657600000000005,0.8,concern_underweight,-0.1370519696022824,50
2025-08-07,109648561.43408161,0.004214600000000001,0.8,concern_underweight,-0.1370519696022824,50
2025-08-08,108778254.48632456,-0.00793724,0.8,concern_underweight,-0.1370519696022824,50
2025-08-11,109660165.48231208,0.008107420000000002,0.5,extreme_greed_reduce,1.4954345813868846,50
2025-08-12,110274312.85268915,0.005600460000000001,0.5,extreme_greed_reduce,1.4740726747752178,50
2025-08-13,110675680.47466534,0.00363972,1.2,panic_overweight,-1.3202176112018609,50
2025-08-14,109313470.91830151,-0.01230812,0.8,concern_underweight,-1.3202176112018609,50
2025-08-15,110836168.21534391,0.01392964,0.5,extreme_greed_reduce,0.9306956132867708,50
2025-08-18,112951354.56594871,0.019083899999999997,0.5,extreme_greed_reduce,1.4995291980956804,50
2025-08-19,113953845.27729043,0.00887542,0.5,extreme_greed_reduce,1.4995291980956804,50
2025-08-20,115181818.75122923,0.01077606,0.5,extreme_greed_reduce,1.4995291980956804,50
2025-08-21,115253735.97522113,0.0006243799999999999,0.5,extreme_greed_reduce,1.4995291980956804,50
2025-08-22,116397110.6629633,0.0099205,0.5,extreme_greed_reduce,1.4610884558222417,50
2025-08-25,116534724.63895792,0.00118228,0.8,concern_underweight,-1.340721095799911,50
2025-08-26,117549609.24097715,0.008708859999999999,0.8,concern_underweight,-1.340721095799911,50
2025-08-27,115353114.85857521,-0.018685679999999996,0.8,concern_underweight,-1.340721095799911,50
2025-08-28,116065062.74817085,0.006171899999999998,0.5,extreme_greed_reduce,1.5043187147955506,50
2025-08-29,115624793.14564821,-0.0037933,0.5,extreme_greed_reduce,1.359453252537855,50
2025-09-01,116735554.28348118,0.0096066,0.5,extreme_greed_reduce,0.9647724724354336,50
2025-09-02,116002233.20502779,-0.006281900000000001,1.0,neutral_hold,0.9647724724354336,50
2025-09-03,114147420.13728532,-0.01598946,1.0,neutral_hold,0.9647724724354336,50
2025-09-04,113702064.8458261,-0.00390158,0.8,concern_underweight,-0.1627525062153274,50
2025-09-05,115373783.09846964,0.014702620000000001,0.5,extreme_greed_reduce,0.9537669493378244,50
2025-09-08,115956402.24331163,0.00504984,0.8,optimistic_reduce,1.4368277614144456,50
2025-09-09,115374405.46481222,-0.0050191,0.8,optimistic_reduce,1.4368277614144456,50
2025-09-10,115759820.58873175,0.0033405600000000002,0.8,optimistic_reduce,1.4368277614144456,50
2025-09-11,116260961.05843526,0.00432914,0.8,optimistic_reduce,1.4368277614144456,50
2025-09-12,116799072.59147501,0.00462848,0.8,concern_underweight,-0.1205905336872106,50
2025-09-15,117617399.5977912,0.00700628,1.0,neutral_hold,-0.1205905336872106,50
2025-09-16,119335185.25248098,0.014604859999999999,1.0,neutral_hold,-0.1205905336872106,50
2025-09-17,119604111.86585487,0.00225354,0.5,extreme_greed_reduce,1.2045912870754392,50
2025-09-18,117799926.89583872,-0.01508464,1.2,panic_overweight,-1.2422891644899097,50
2025-09-19,116345646.74633445,-0.012345340000000002,0.8,concern_underweight,-1.2422891644899097,50
2025-09-22,116277675.2925923,-0.0005842200000000003,1.2,panic_overweight,-1.224862638742027,50
2025-09-23,113541208.11002396,-0.0235339,0.8,concern_underweight,-1.224862638742027,50
2025-09-24,114778630.15413858,0.010898439999999999,0.8,concern_underweight,-1.224862638742027,50
2025-09-25,113434150.00967465,-0.01171368,0.8,concern_underweight,-1.224862638742027,50
2025-09-26,112473551.05978173,-0.008468340000000001,0.8,concern_underweight,-1.224862638742027,50
2025-09-29,112483387.99655743,8.745999999999992e-05,1.2,panic_overweight,-1.2538790100361346,50
2025-09-30,113146344.8383993,0.005893820000000001,0.5,extreme_greed_reduce,0.99106084670264,50
2025-10-09,113272335.55630377,0.0011135199999999998,0.5,extreme_greed_reduce,0.9647724724354336,50
2025-10-10,114301849.69060132,0.00908884,1.0,neutral_hold,0.9647724724354336,50
2025-10-13,114103309.66372573,-0.00173698,0.8,optimistic_reduce,1.377857683262788,50
2025-10-14,114755332.48820336,0.00571432,0.8,optimistic_reduce,1.377857683262788,50
2025-10-15,115530727.38450621,0.006756940000000001,0.8,optimistic_reduce,1.377857683262788,50
2025-10-16,114897087.55709316,-0.0054846,0.5,extreme_greed_reduce,1.467096222189716,50
2025-10-17,113873662.4311541,-0.00890732,0.8,optimistic_reduce,1.467096222189716,50
2025-10-20,114696962.1781116,0.00722994,0.8,optimistic_reduce,1.467096222189716,50
2025-10-21,115965829.43735637,0.01106278,0.5,extreme_greed_reduce,1.3870667254729558,50
2025-10-22,116539009.1038832,0.004942660000000001,0.8,optimistic_reduce,1.3870667254729558,50
2025-10-23,117327863.98728757,0.00676902,0.8,optimistic_reduce,1.3870667254729558,50
2025-10-24,117796422.19834991,0.00399358,0.8,optimistic_reduce,1.3870667254729558,50
2025-10-27,117740329.8980275,-0.0004761800000000003,1.2,panic_overweight,-1.1993598410330986,50
2025-10-28,117298031.28434576,-0.00375656,0.8,concern_underweight,-1.1993598410330986,50
2025-10-29,116926900.31336209,-0.0031640000000000006,0.8,concern_underweight,-1.1993598410330986,50
2025-10-30,116100154.63346842,-0.0070706200000000006,1.2,panic_overweight,-1.3096408379898086,50
2025-10-31,116966997.86201446,0.007466339999999999,0.8,concern_underweight,-1.3096408379898086,50
2025-11-03,117776301.87758157,0.00691908,0.5,extreme_greed_reduce,0.9914845137575996,50
2025-11-04,117124504.26773065,-0.005534200000000001,0.8,concern_underweight,-0.2285336915706777,50
2025-11-05,117726116.62639193,0.00513652,0.8,concern_underweight,-0.2285336915706777,50
2025-11-06,117348851.513051,-0.0032046,0.8,concern_underweight,-0.2285336915706777,50
2025-11-07,117541172.19881871,0.0016388799999999997,0.8,concern_underweight,-0.2285336915706777,50
2025-11-10,119372447.20591219,0.015579860000000001,0.8,concern_underweight,0.0816302907042735,50
2025-11-11,119910599.68495694,0.00450818,1.0,neutral_hold,0.0816302907042735,50
2025-11-12,119233543.66953178,-0.00564634,1.0,neutral_hold,0.0816302907042735,50
2025-11-13,120471333.31774479,0.01038122,0.5,extreme_greed_reduce,1.4128714140979295,50
2025-11-14,120686434.88338363,0.0017854999999999998,0.8,optimistic_reduce,1.4128714140979295,50
2025-11-17,121015537.13639583,0.00272692,0.8,concern_underweight,-1.1800005957673312,50
2025-11-18,119290228.3046852,-0.01425692,0.8,concern_underweight,-1.1800005957673312,50
2025-11-19,118503499.70579754,-0.00659508,0.5,extreme_greed_reduce,0.9228031102431152,50
2025-11-20,117372796.19328468,-0.00954152,1.0,neutral_hold,0.9228031102431152,50
2025-11-21,113761592.06771773,-0.030766960000000003,1.0,neutral_hold,0.9228031102431152,50
2025-11-24,114817959.45934014,0.0092858,1.0,optimistic_hold,1.0068574616492587,50
2025-11-25,115717794.69670056,0.007837060000000002,1.0,optimistic_hold,1.0068574616492587,50
2025-11-26,115876862.69164653,0.0013746199999999996,1.0,optimistic_hold,1.0068574616492587,50
2025-11-27,115403990.0728372,-0.00408082,1.0,optimistic_hold,1.0068574616492587,50
2025-11-28,116239097.19852047,0.007236380000000001,1.0,optimistic_hold,1.0068574616492587,50
2025-12-01,116877891.48195688,0.00549552,1.0,optimistic_hold,1.0068574616492587,50
2025-12-02,116381536.78996913,-0.00424678,1.0,optimistic_hold,1.0068574616492587,50
2025-12-03,115396420.61654897,-0.00846454,0.5,extreme_greed_reduce,1.0058464955190922,50
2025-12-04,114906156.61563115,-0.004248520000000001,1.0,optimistic_hold,1.0058464955190922,50
2025-12-05,115847355.2425929,0.008191019999999999,1.0,optimistic_hold,1.0058464955190922,50
2025-12-08,116064385.99485147,0.00187342,0.8,concern_underweight,-1.274149264440206,50
2025-12-09,115717632.03525326,-0.0029876000000000004,0.8,concern_underweight,-1.274149264440206,50
2025-12-10,117023901.26707266,0.01128842,0.5,extreme_greed_reduce,0.9018233784370262,50
2025-12-11,115232342.57444862,-0.01530934,1.0,neutral_hold,0.9018233784370262,50
2025-12-12,115548311.96243459,0.0027420200000000004,1.0,neutral_hold,0.9018233784370262,50
2025-12-15,115578987.72829437,0.0002654799999999999,1.0,neutral_hold,0.9018233784370262,50
2025-12-16,114914087.23927079,-0.00575278,1.0,neutral_hold,0.9018233784370262,50
2025-12-17,114474538.55729884,-0.0038250200000000006,1.0,neutral_hold,0.9018233784370262,50
2025-12-18,115210825.05235477,0.00643188,1.0,neutral_hold,0.9018233784370262,50
2025-12-19,117333153.61545871,0.018421260000000002,1.0,neutral_hold,0.9018233784370262,50
2025-12-22,117297611.05656552,-0.0003029199999999999,0.8,concern_underweight,-1.298297185580188,50
2025-12-23,115646834.85712205,-0.014073400000000002,0.8,concern_underweight,-1.298297185580188,50
2025-12-24,117026892.48326935,0.01193338,0.8,concern_underweight,-1.298297185580188,50
2025-12-25,118113847.62280534,0.00928808,0.8,concern_underweight,-1.298297185580188,50
2025-12-26,118458243.97970392,0.0029157999999999996,0.5,extreme_greed_reduce,0.9982988502455138,50
2025-12-29,119102209.05479126,0.00543622,0.5,extreme_greed_reduce,1.4922723050696696,50
2025-12-30,119061466.57111779,-0.0003420799999999998,1.2,panic_overweight,-1.2186205189688903,50
2025-12-31,119617350.27116236,0.004668880000000001,0.8,concern_underweight,-1.2186205189688903,50
2026-01-05,121437199.06879981,0.015213919999999999,1.0,neutral_hold,0.929624370171738,50
2026-01-06,123489796.18354817,0.01690254,1.0,neutral_hold,0.929624370171738,50
2026-01-07,122119874.47856559,-0.011093400000000002,1.0,neutral_hold,0.929624370171738,50
2026-01-08,123581998.63891502,0.011972860000000002,1.0,neutral_hold,0.929624370171738,50
2026-01-09,124360832.16745724,0.006302160000000002,1.0,neutral_hold,0.929624370171738,50
2026-01-12,126858634.40484048,0.020085119999999998,1.0,neutral_hold,0.929624370171738,50
2026-01-13,125885643.90199149,-0.0076698800000000004,0.5,extreme_greed_reduce,1.4500024221022425,50
2026-01-14,126924862.62266985,0.00825526,0.5,extreme_greed_reduce,0.9982988502455138,50
2026-01-15,126041407.19337927,-0.00696046,0.5,extreme_greed_reduce,0.9747466811439134,50
2026-01-16,124621316.30432847,-0.011266859999999998,1.0,optimistic_hold,0.9747466811439134,50
2026-01-19,125778871.37052652,0.00928858,1.0,optimistic_hold,0.9747466811439134,50
2026-01-20,126419005.32732482,0.005089360000000001,1.0,optimistic_hold,0.9747466811439134,50
2026-01-21,126261729.9711772,-0.0012440800000000003,0.5,extreme_greed_reduce,0.9834074727781568,50
2026-01-22,127147976.2052525,0.00701912,1.2,panic_overweight,-1.2432619593115033,50
2026-01-23,129133002.78089035,0.015611940000000001,0.8,concern_underweight,-1.2432619593115033,50
2026-01-26,129300886.01514573,0.00130008,0.8,concern_underweight,-1.2432619593115033,50
2026-01-27,127774548.5341445,-0.01180454,0.8,concern_underweight,-1.2432619593115033,50
2026-01-28,127373326.22978342,-0.0031400800000000013,0.5,extreme_greed_reduce,1.2467984433881194,50
2026-01-29,127304491.13682231,-0.0005404200000000001,1.0,optimistic_hold,1.2467984433881194,50
2026-01-30,126922987.5838733,-0.00299678,1.0,optimistic_hold,1.2467984433881194,50
2026-02-02,123847498.9025102,-0.02423114,1.0,optimistic_hold,1.2467984433881194,50
2026-02-03,125024679.28737848,0.00950508,1.0,optimistic_hold,1.2467984433881194,50
2026-02-04,126288578.77523045,0.010109199999999999,1.0,optimistic_hold,1.2467984433881194,50
2026-02-05,126444625.99470827,0.0012356399999999999,1.0,optimistic_hold,1.2467984433881194,50
2026-02-06,127048581.16409445,0.004776440000000001,1.0,optimistic_hold,1.2467984433881194,50
2026-02-09,127974213.92993844,0.00728566,1.0,neutral_hold,0.9110308952007016,50
2026-02-10,129119795.5818065,0.00895166,1.0,neutral_hold,0.9110308952007016,50
2026-02-11,128318449.72407077,-0.00620622,1.0,neutral_hold,0.9110308952007016,50
2026-02-12,126525633.10553695,-0.01397162,0.5,extreme_greed_reduce,0.9702403094967692,50
2026-02-13,126068774.34951948,-0.0036107999999999995,1.0,optimistic_hold,0.9702403094967692,50
2026-02-24,127903266.64084199,0.014551520000000002,0.8,concern_underweight,-1.2112952076334709,50
2026-02-25,129374402.33954896,0.01150194,0.8,concern_underweight,-1.2112952076334709,50
2026-02-26,128938648.65256499,-0.00336816,0.5,extreme_greed_reduce,0.9458199775023104,50
2026-02-27,129704802.10285851,0.005942000000000001,0.5,extreme_greed_reduce,0.9545113640379534,50
2026-03-02,125810778.59316607,-0.030022200000000002,1.0,neutral_hold,0.9545113640379534,50
2026-03-03,121953709.48629037,-0.030657700000000003,1.0,neutral_hold,0.9545113640379534,50
2026-03-04,120072793.03414142,-0.0154232,1.2,panic_overweight,-1.236003342144499,50
2026-03-05,121346208.23047398,0.010605359999999998,0.8,concern_underweight,-1.236003342144499,50
2026-03-06,123909491.55619621,0.02112372,0.8,concern_underweight,-1.236003342144499,50
2026-03-09,122391211.20882933,-0.012253140000000001,0.8,concern_underweight,-1.1403005015307597,50
2026-03-10,123816836.27611089,0.0116481,0.8,concern_underweight,-1.1403005015307597,50
2026-03-11,123789455.4209368,-0.0002211400000000001,0.5,extreme_greed_reduce,1.443896819912287,50
2026-03-12,122902729.26965465,-0.00716318,1.2,panic_overweight,-1.2378216130152484,50
2026-03-13,122670457.8596625,-0.00188988,0.8,concern_underweight,-1.2378216130152484,50
2026-03-16,123384775.29600678,0.005823059999999999,0.8,concern_underweight,-1.2378216130152484,50
2026-03-17,122122926.60214104,-0.01022694,0.8,concern_underweight,-1.2378216130152484,50
2026-03-18,121422707.9354238,-0.005733719999999999,0.8,concern_underweight,-1.2378216130152484,50
2026-03-19,119656804.06792745,-0.01454344,0.8,concern_underweight,-1.2378216130152484,50
2026-03-20,116516451.92847808,-0.02624466,0.8,concern_underweight,-1.2378216130152484,50
2026-03-23,110817967.83203778,-0.04890712,0.8,optimistic_reduce,1.449747985719506,50
2026-03-24,114964193.28580183,0.037414739999999995,0.8,optimistic_reduce,1.449747985719506,50
2026-03-25,117056826.71480277,0.01820248,0.8,optimistic_reduce,1.449747985719506,50
2026-03-26,114868987.80077243,-0.018690400000000003,0.8,optimistic_reduce,1.449747985719506,50
2026-03-27,117779021.30322328,0.025333500000000002,0.8,optimistic_reduce,1.449747985719506,50
2026-03-30,118011967.00713722,0.00197782,0.8,optimistic_reduce,1.449747985719506,50
2026-03-31,116605948.8298208,-0.0119142,0.8,optimistic_reduce,1.449747985719506,50
2026-04-01,118012428.79553531,0.01206182,0.8,concern_underweight,-0.1335114335347423,50
2026-04-02,115034632.98098044,-0.025232900000000003,0.8,concern_underweight,-0.1335114335347423,50
2026-04-03,111561461.32816549,-0.030192399999999994,0.8,concern_underweight,-0.1335114335347423,50
2026-04-07,111878293.64710826,0.0028399800000000006,0.8,concern_underweight,-0.1335114335347423,50
2026-04-08,116653203.28082001,0.0426795,0.8,concern_underweight,-0.1335114335347423,50
2026-04-09,114227523.57099083,-0.020793940000000004,0.8,concern_underweight,-0.1335114335347423,50
2026-04-10,115674295.11628392,0.0126657,0.8,concern_underweight,-0.1335114335347423,50
