date,daily_return,portfolio_value,position_scalar,sentiment_score
2022-02-07,0.0,100000000.0,0.8,1.004473945873933
2022-02-08,0.011364474537444932,101136447.45374449,1.0,1.004473945873933
2022-02-09,0.012025234537444932,102352636.95465975,1.0,1.004473945873933
2022-02-10,-0.0027872088105726864,102067358.78315437,0.8,1.5045758919178212
2022-02-11,-0.016899337444933916,100342488.0449647,0.8,1.5045758919178212
2022-02-14,5.306960352422971e-06,100343020.55857043,0.8,1.4383010869154411
2022-02-15,0.004379183964757708,100782441.10517588,0.8,1.4383010869154411
2022-02-16,0.010381825374449337,101828746.80954055,0.8,1.4383010869154411
2022-02-17,-0.00204165885462555,101620847.24696143,0.8,1.3319177733946512
2022-02-18,0.006124975682819383,102243272.46521658,1.0,1.3319177733946512
2022-02-21,0.011242909251101321,103392784.29907863,1.0,1.3319177733946512
2022-02-22,-0.00874907718061674,102488192.84932713,1.0,1.3319177733946512
2022-02-23,0.01405385603524229,103928547.15694372,1.0,1.3319177733946512
2022-02-24,-0.019540938325991186,101897685.82664001,1.0,1.3319177733946512
2022-02-25,0.008336782907488986,102747184.71215223,1.0,1.3319177733946512
2022-02-28,-1.2458325991189387e-05,102745904.65423042,1.0,1.3319177733946512
2022-03-01,0.006913427665198236,103456231.0339528,0.8,0.938690866546212
2022-03-02,0.0034901813215859026,103817312.03910919,1.0,0.938690866546212
2022-03-03,-0.0017915973568281935,103631313.2172669,1.0,0.938690866546212
2022-03-04,-0.009277976211453745,102669824.35847539,1.2,-1.3173948121964938
2022-03-07,-0.012516337797356824,101384774.1552094,0.8,-1.2949854277963224
2022-03-08,-0.025943018854625542,98754547.04772885,0.8,-1.2949854277963224
2022-03-09,-0.011479597533039643,97620884.5930633,0.8,-1.2949854277963224
2022-03-10,0.014526817444933922,99039005.3623597,1.2,-1.2403604867825753
2022-03-11,0.005926097268722464,99625920.14153458,0.8,1.4585654949348787
2022-03-14,-0.022071690925110132,97427007.62404092,1.0,0.9768893090134756
2022-03-15,-0.04206346502202643,93328890.09664637,1.0,0.9768893090134756
2022-03-16,0.02541878731277533,95701197.3041504,1.0,0.9768893090134756
2022-03-17,0.01645162502202643,97275637.51635724,1.0,0.9768893090134756
2022-03-18,0.010902959118942731,98336229.81546718,1.2,-1.263997431988956
2022-03-21,0.011063345374449335,99424157.48873691,0.8,1.4516922811711757
2022-03-22,-0.0011444999118942725,99310366.5492509,0.8,1.4516922811711757
2022-03-23,0.0024759920704845806,99556258.22934377,0.8,1.4516922811711757
2022-03-24,-0.00946682660792951,98613776.39495231,0.8,1.4516922811711757
2022-03-25,-0.0037160599118942718,98247321.69373052,0.8,1.4516922811711757
2022-03-28,-0.003635125991189426,97890180.30107689,0.8,1.4870784051777537
2022-03-29,-0.007486469603524225,97157328.44176938,0.8,1.4870784051777537
2022-03-30,0.01327568123348017,98447158.16365884,0.8,1.4870784051777537
2022-03-31,-0.0018334405286343604,98266661.15395272,0.8,1.4870784051777537
2022-04-01,-0.001275976563876651,98141275.19730987,0.8,1.4870784051777537
2022-04-06,0.008006215682819381,98927015.41392645,1.0,1.0012769844197926
2022-04-07,-0.01893276123348017,97054053.85155377,0.8,1.3839235620705346
2022-04-08,-0.0058425006167400866,96487015.48206894,0.8,1.3839235620705346
2022-04-11,-0.02453473533039647,94119732.0943965,0.8,1.3839235620705346
2022-04-12,0.014159483171806169,95452418.85712202,1.2,-1.3496132779742716
2022-04-13,-0.016064983964757702,93918977.27878502,0.8,-1.3496132779742716
2022-04-14,0.007224250925110129,94597471.53727669,0.8,1.4155287146824904
2022-04-15,-0.014229032951541844,93251440.99764024,0.8,1.4155287146824904
2022-04-18,0.005932366519823786,93804642.72413997,0.8,1.4155287146824904
2022-04-19,0.003427214977973567,94126131.4006876,0.8,1.4155287146824904
2022-04-20,-0.008390279823788543,93336386.81950514,0.8,1.4155287146824904
2022-04-21,-0.03132330942731276,90412782.29433042,0.8,1.4155287146824904
2022-04-22,-0.007478193480176212,89736658.01525237,1.2,-1.359280052756762
2022-04-25,-0.06302333656387664,84081154.41503963,0.8,-1.359280052756762
2022-04-26,-0.028795604581497786,81659986.7397483,0.8,-1.359280052756762
2022-04-27,0.0250374098678414,83704541.29755387,0.8,-1.359280052756762
2022-04-28,-0.01414789251101321,82520298.4445924,0.8,1.0061852109181797
2022-04-29,0.0369919443171806,85572884.7296919,0.8,0.8783256331303426
2022-05-05,0.014778665022026431,86837537.7280805,1.0,0.99106084670264
2022-05-06,-0.008564218502202642,86093842.08078395,1.0,0.99106084670264
2022-05-09,0.01376558572687224,87278974.24450277,0.8,1.3930093230598657
2022-05-10,0.014317709251101315,88528609.22146992,0.8,1.0800013773018695
2022-05-11,0.0032469251101321585,88816054.9857162,1.0,1.0800013773018695
2022-05-12,0.006546802114537445,89397516.12230155,1.0,1.0800013773018695
2022-05-13,0.0063741083700440525,89967345.57807787,1.0,1.0800013773018695
2022-05-16,0.001940640704845815,90141939.87101363,1.0,1.0800013773018695
2022-05-17,-0.001031641233480176,90048945.7289768,1.0,1.0800013773018695
2022-05-18,0.00610208704845815,90598432.2344369,1.0,1.0800013773018695
2022-05-19,0.006230079999999997,91162867.71513201,0.8,1.4192621380232977
2022-05-20,0.010334218325991185,92104964.69332364,0.8,1.4192621380232977
2022-05-23,0.011002775154185022,93118374.91042843,1.0,0.995973432362016
2022-05-24,-0.034620027665198234,89894614.1948911,1.0,0.995973432362016
2022-05-25,0.01584298731277533,91318813.42706758,1.0,0.995973432362016
2022-05-26,0.0036261888986784136,91649952.6945573,1.0,0.995973432362016
2022-05-27,0.00047333092511013216,91693333.45145251,1.0,0.995973432362016
2022-05-30,0.008097299207048459,92435801.80770059,1.0,0.995973432362016
2022-05-31,0.009989149603524232,93359156.86067943,1.2,-1.3023145732647592
2022-06-01,0.005924611629955945,93912273.60717909,0.8,-1.3023145732647592
2022-06-02,0.00900674414096916,94758117.42725565,0.8,-1.3023145732647592
2022-06-06,0.014897624317180612,96169788.26169018,0.8,1.5088482011021016
2022-06-07,-0.0043632903964757695,95750171.54813685,0.8,1.5088482011021016
2022-06-08,-0.001256928634361233,95629820.41577299,0.8,0.913834722598612
2022-06-09,-0.016408620088105726,94060667.0234768,1.0,0.913834722598612
2022-06-10,0.014164815330396475,95393019.00171825,1.0,0.913834722598612
2022-06-13,0.002989054801762114,95678153.96321993,0.8,1.2429373133641832
2022-06-14,0.0005555088986784142,95731304.02915561,1.0,1.2429373133641832
2022-06-15,-0.0009588345374449338,95639513.54853782,1.0,1.2429373133641832
2022-06-16,0.006779510837004406,96287902.66708596,1.2,-1.359376609172107
2022-06-17,0.004416939030837002,96713200.46257365,0.8,1.4243944664811985
2022-06-20,0.009547735154185017,97636592.48650391,0.8,-1.255450247051788
2022-06-21,-0.0033999289867841396,97304635.00553823,0.8,-1.255450247051788
2022-06-22,-0.01002453057268722,96329201.71706103,0.8,-1.255450247051788
2022-06-23,0.016549825022026426,97923433.14998987,0.8,0.9841869113855376
2022-06-24,0.009258492158590308,98830056.4879513,1.0,0.9841869113855376
2022-06-27,0.0073139520704845785,99552894.78422745,0.8,-0.0971570855897178
2022-06-28,0.012601894449339207,100807449.85642444,1.0,-0.0971570855897178
2022-06-29,-0.01751505973568282,99041801.35038732,1.0,-0.0971570855897178
2022-06-30,0.007308826607929515,99765680.70339431,1.0,-0.0971570855897178
2022-07-01,-0.0011951450220264318,99646446.24673256,1.2,-1.3388820738382952
2022-07-04,0.005384035242290747,100182946.22509399,0.8,-1.3388820738382952
2022-07-05,-0.006624640528634358,99519270.21925324,0.8,-1.3388820738382952
2022-07-06,-0.006767811277533037,98845742.57993153,0.8,-1.3388820738382952
2022-07-07,0.005820200704845813,99421044.64056624,0.8,-1.3388820738382952
2022-07-08,0.0018338438766519814,99603367.3144907,0.8,-1.3388820738382952
2022-07-11,-0.006758719999999998,98930176.0437549,0.8,-1.3388820738382952
2022-07-12,-0.013146879823788541,97629552.9083614,0.8,-1.3388820738382952
2022-07-13,0.010228613039647573,98628167.82629484,0.8,-1.3388820738382952
2022-07-14,0.005999294977973566,99219867.29822186,0.8,1.4641684543883493
2022-07-15,-0.013894558061674004,97841251.09117512,0.8,0.9698171139222064
2022-07-18,0.02070951436123348,99867495.88576886,1.0,-0.1955966841496854
2022-07-19,0.008571151365638763,100723475.30951309,0.8,0.9178286726838788
2022-07-20,0.008063664845814977,101535675.65651473,1.0,0.9178286726838788
2022-07-21,-0.0025332021145374447,101278465.26824066,1.0,0.9178286726838788
2022-07-22,-0.001780517885462555,101098137.14941837,1.0,0.9178286726838788
2022-07-25,-0.0065260854625550655,100438362.06627615,1.0,0.9178286726838788
2022-07-26,0.00951688845814978,101394222.75498016,1.0,0.9178286726838788
2022-07-27,0.007900798590308369,102195318.08718812,1.0,0.9178286726838788
2022-07-28,0.007024869251101322,102913226.83482532,1.0,0.9178286726838788
2022-07-29,-0.0042554058149779726,102475289.29091427,0.8,1.4762794050163468
2022-08-01,0.0050533481938325985,102993132.60896498,1.0,0.995973432362016
2022-08-02,-0.032526938149779736,99643081.35474111,1.2,-1.3024893227209575
2022-08-03,-0.003344265198237884,99309848.46552126,0.8,1.382028277145725
2022-08-04,0.012252181674008805,100526610.77093913,0.8,1.382028277145725
2022-08-05,0.011354206343612332,101668010.65265636,0.8,1.382028277145725
2022-08-08,0.011844730220264313,102872240.81086802,0.8,1.4590756629137085
2022-08-09,0.003341639471365637,103216002.75126946,0.8,1.4590756629137085
2022-08-10,0.0031027527753303952,103536256.49026448,0.8,1.4590756629137085
2022-08-11,0.011422841762114534,104718934.76479447,0.8,1.4590756629137085
2022-08-12,-0.00356475911894273,104345636.9871657,0.8,1.4590756629137085
2022-08-15,0.004001260264317179,104763151.03819731,0.8,1.4590756629137085
2022-08-16,0.0067034844052863436,105465429.18743053,1.2,-1.32414395857499
2022-08-17,0.002590306255506607,105738616.94839442,0.8,-1.32414395857499
2022-08-18,0.0022795282819383254,105979651.11622132,0.8,-1.32414395857499
2022-08-19,-0.010686064669603524,104847145.71073136,1.2,-1.2136820915900122
2022-08-22,0.005695816916299557,105444335.85689627,0.8,-1.2136820915900122
2022-08-23,0.0034751654625550642,105810772.3710882,0.8,-1.2136820915900122
2022-08-24,-0.025645428370044042,103097209.78746644,0.8,-1.2136820915900122
2022-08-25,-0.0034112091629955937,102745523.64076015,0.8,-1.2136820915900122
2022-08-26,-0.0046687189427312755,102265833.6682577,0.8,-1.2136820915900122
2022-08-29,0.006792447753303963,102960469.0003974,0.8,-1.2517459043472976
2022-08-30,-0.0026688281938325982,102685685.19787891,0.8,-1.2517459043472976
2022-08-31,-0.022427104317180608,100382742.6240649,0.8,-1.2517459043472976
2022-09-01,-0.00396502,99984723.04190564,0.8,0.0819487626694779
2022-09-02,0.00473154,100457804.75836734,1.0,0.0819487626694779
2022-09-05,0.00396394,100856013.46896122,1.0,0.0819487626694779
2022-09-06,0.00683196,101545057.71874063,0.8,0.98388314271465
2022-09-07,-0.0019155800000000007,101350540.03707576,0.8,0.9741999560144812
2022-09-08,-0.0018812800000000001,101159871.29311481,0.8,1.4825216600843667
2022-09-09,0.008338160000000002,102003358.48553622,0.8,1.4825216600843667
2022-09-13,0.004750419999999999,102487917.27975307,1.2,-1.3196571922829892
2022-09-14,0.002711279999999999,102765790.72011532,1.2,-1.28443750645242
2022-09-15,-0.0024612600000000003,102512857.39004752,0.8,-1.28443750645242
2022-09-16,-0.02458382,99992699.75628492,1.2,-1.2256220345313489
2022-09-19,-0.017955939999999997,98197236.83902305,0.8,0.934814454404701
2022-09-20,0.0074347,98927303.83575013,1.0,0.934814454404701
2022-09-21,0.0015157800000000004,99077255.86435829,0.8,1.4391109528342991
2022-09-22,-0.00848074,98237007.41745919,0.8,1.1772709423267576
2022-09-23,-0.014624680000000001,96800322.61982122,0.8,1.4868353020413116
2022-09-26,-0.024422100000000002,94436255.46076769,0.8,0.97471742014913
2022-09-27,0.019352220000000003,96263806.65242067,0.8,1.388227249224114
2022-09-28,-0.01090886,95213678.26258235,1.2,-1.320130967746432
2022-09-29,-0.01088346,94177424.00375867,0.8,-1.320130967746432
2022-09-30,0.0025696799999999995,94419429.84667264,0.8,-1.320130967746432
2022-10-10,-0.012205700000000002,93266974.61179312,1.0,0.9338086333407246
2022-10-11,-0.00222038,93059886.48670459,1.0,0.9338086333407246
2022-10-12,0.025895580000000005,95469726.22201197,1.0,0.9338086333407246
2022-10-13,0.0015180600000000001,95614654.99460055,0.8,-0.1369321325464179
2022-10-14,0.014557660000000002,97006580.63302924,1.0,-0.1369321325464179
2022-10-17,0.011334320000000002,98106084.2600298,1.0,-0.1369321325464179
2022-10-18,-0.0008069400000000001,98026918.536397,1.0,-0.1369321325464179
2022-10-19,-0.0083775,97205698.02635832,1.0,-0.1369321325464179
2022-10-20,-0.004703280000000001,96748512.41094491,1.0,-0.1369321325464179
2022-10-21,-0.0017626799999999995,96577975.74308838,1.0,-0.1369321325464179
2022-10-24,-0.021751120000000006,94477296.60334337,1.0,-0.1369321325464179
2022-10-25,-0.00719308,93797713.8506918,0.8,0.9111707020599498
2022-10-26,0.009849300000000002,94721555.6737214,1.0,0.9111707020599498
2022-10-27,0.0028945,94995727.21661898,1.0,0.9111707020599498
2022-10-28,-0.034813880000000005,91688557.36878689,1.0,0.9111707020599498
2022-10-31,-0.000641319999999999,91629755.66317514,1.0,0.9111707020599498
2022-11-01,0.02779342,94176459.94681914,1.0,0.9111707020599498
2022-11-02,0.02031442,96089600.10829201,1.0,0.9111707020599498
2022-11-03,-0.00039517999999999997,96051627.42012121,1.0,0.9111707020599498
2022-11-04,0.0208212,98051537.56496105,1.0,0.9111707020599498
2022-11-07,0.0173501,99752741.54686688,1.0,0.9111707020599498
2022-11-08,0.0050129,100252792.06496717,1.0,0.9111707020599498
2022-11-09,0.01552168,101808883.82250613,0.8,1.329709644936562
2022-11-10,0.0037522,102190891.11638495,0.8,1.2034559351556555
2022-11-11,0.026266539999999998,104875092.24552912,1.0,1.2034559351556555
2022-11-14,0.0076145399999999995,105673667.8304364,1.0,1.2034559351556555
2022-11-15,0.012610980000000003,107006316.34197268,1.0,0.0967548709322944
2022-11-16,-0.00440646,106534797.28926443,1.2,-1.2941705726509851
2022-11-17,-0.0002203999999999999,106511317.01994187,0.8,-1.2941705726509851
2022-11-18,-0.00894552,105558517.90331364,0.8,-1.2941705726509851
2022-11-21,-0.006048659999999999,104920030.31841257,0.8,1.5147263261570751
2022-11-22,-0.002068599999999999,104702992.7436959,0.8,1.5147263261570751
2022-11-23,-0.00263132,104427485.66482955,0.8,1.5147263261570751
2022-11-24,0.013420519999999998,105828956.8247441,0.8,1.5147263261570751
2022-11-25,0.01453846,107367546.88038237,0.8,1.3975580300653816
2022-11-28,0.0044959399999999995,107850264.92910376,0.8,0.9215942689876544
2022-11-29,0.04251904,112435954.65763491,1.0,0.9215942689876544
2022-11-30,0.0067411400000000005,113193901.16901568,0.8,0.1041591756339965
2022-12-01,0.01098914,114437804.79610814,0.8,1.337272979479419
2022-12-02,0.009156139999999998,115485613.35811397,1.0,1.337272979479419
2022-12-05,0.013683579999999999,117065869.98734878,1.0,1.337272979479419
2022-12-06,0.00953348,118181915.11755577,1.0,1.337272979479419
2022-12-07,0.00038632,118227571.155004,0.8,-0.3637127260424885
2022-12-08,0.00469748,118782942.80595319,0.8,-0.3637127260424885
2022-12-09,0.007231180000000002,119641883.64631274,0.8,-0.3637127260424885
2022-12-12,-0.012476479999999998,118149174.0778372,0.8,-0.3637127260424885
2022-12-13,0.005476539999999999,118796222.75564145,0.8,-0.3637127260424885
2022-12-14,-0.005238780000000001,118173875.47979365,0.8,-0.1330398003030698
2022-12-15,-0.00622912,117437756.22856496,1.0,-0.1330398003030698
2022-12-16,-0.0019665999999999998,117206803.13716586,1.0,-0.1330398003030698
2022-12-19,-0.024248779999999998,114364681.15338942,1.0,-0.1330398003030698
2022-12-20,-0.006904240000000001,113575079.94718295,0.8,0.90345012775448
2022-12-21,0.0036713800000000006,113992057.22419943,1.0,0.90345012775448
2022-12-22,-0.005440619999999999,113371869.7578243,1.0,0.90345012775448
2022-12-23,-0.008378260000000002,112422010.75630711,0.8,0.9128036752356148
2022-12-26,0.010769059999999999,113632690.13546243,1.2,-1.265098080672772
2022-12-27,0.01277032,115083815.95095313,0.8,-1.265098080672772
2022-12-28,-0.01349234,113531065.97764544,0.8,-1.265098080672772
2022-12-29,-0.01044636,112345079.59125921,0.8,-1.265098080672772
2022-12-30,0.0034327,112730726.54597214,0.8,-1.265098080672772
2023-01-03,0.02320314,115346433.37632003,0.8,-1.265098080672772
2023-01-04,-0.00623514,114627232.215718,0.8,-1.265098080672772
2023-01-05,0.01540592,116393170.18505478,0.8,0.9507022107077976
2023-01-06,0.00904302,117445715.95090163,1.0,0.9507022107077976
2023-01-09,0.00907186,118511167.04360797,0.8,1.3945747314527337
2023-01-10,0.00623294,119249840.03712076,0.8,1.3945747314527337
2023-01-11,-0.010636040000000001,117981493.96849234,0.8,1.3945747314527337
2023-01-12,0.009234800000000001,119071029.46899258,1.2,-1.362907797486925
2023-01-13,0.0007045799999999998,119154924.53493585,0.8,-1.362907797486925
2023-01-16,0.0113625,120508822.36496405,1.2,-1.3355568148982686
2023-01-17,-0.00216362,120248087.06671877,0.8,-1.3355568148982686
2023-01-18,-5.8719999999999384e-05,120241026.09904622,0.8,-1.3355568148982686
2023-01-19,0.0039062000000000003,120710711.59519432,0.8,-1.3355568148982686
2023-01-20,0.017606120000000003,122835958.8688247,0.8,-1.3355568148982686
2023-01-30,0.018691179999999998,125131907.88651451,0.8,-1.2765369899082133
2023-01-31,0.00996902,126379350.37887333,0.8,0.986211300176067
2023-02-01,0.015556859999999999,128345416.2396084,0.8,1.0058464955190922
2023-02-02,-0.00773884,127352171.59859668,1.0,1.0058464955190922
2023-02-03,-0.002054,127090590.23813316,1.0,1.0058464955190922
2023-02-06,-0.00463994,126500897.52486363,1.0,1.0058464955190922
2023-02-07,0.011617899999999999,127970572.30221775,1.0,1.0058464955190922
2023-02-08,-0.0024844,127652642.21239011,1.0,1.0058464955190922
2023-02-09,0.00873388,128767545.07115607,1.0,1.0058464955190922
2023-02-10,-0.0034055400000000007,128329022.04571444,1.0,1.0058464955190922
2023-02-13,0.00398042,128839825.45164564,1.0,1.0058464955190922
2023-02-14,-0.00307402,128443769.25141077,1.0,1.0058464955190922
2023-02-15,0.0024254999999999997,128755309.61373006,0.8,0.9018233784370262
2023-02-16,-0.02433354,125622237.13703197,1.0,0.9018233784370262
2023-02-17,-0.0045431000000000004,125051522.75149472,1.0,0.9018233784370262
2023-02-20,0.0072008,125951993.75652367,0.8,-1.233903671582792
2023-02-21,0.009830199999999999,127190127.04554904,0.8,-1.233903671582792
2023-02-22,-0.003144820000000001,126790136.99021365,0.8,0.938690866546212
2023-02-23,0.00385484,127278892.68188901,1.0,0.938690866546212
2023-02-24,-0.00782334,126283146.62961508,1.0,0.938690866546212
2023-02-27,-0.00884332,125166384.35336247,1.0,0.938690866546212
2023-02-28,0.0058664599999999996,125900667.9405161,1.0,0.938690866546212
2023-03-01,0.0034090400000000003,126329868.35355203,1.0,0.938690866546212
2023-03-02,-0.00675762,125476179.1085687,1.0,0.938690866546212
2023-03-03,0.00438064,126025845.07781886,1.0,0.938690866546212
2023-03-06,0.0037080000000000004,126493148.91136742,1.0,0.938690866546212
2023-03-07,-0.01248888,124913391.15379122,1.0,0.938690866546212
2023-03-08,0.00778422,125885744.47147839,1.0,0.938690866546212
2023-03-09,0.0008059199999999992,125987198.31066284,1.0,0.938690866546212
2023-03-10,-0.01534244,124054247.2798134,1.0,0.938690866546212
2023-03-13,-0.00802216,123059064.25945516,1.0,0.938690866546212
2023-03-14,-0.013040560000000001,121454305.14843588,0.8,0.0477381075827685
2023-03-15,0.003126319999999999,121834010.17170754,1.0,0.0477381075827685
2023-03-16,-0.02607502,118657185.91980007,1.0,0.0477381075827685
2023-03-17,0.0046838800000000005,119212961.9397861,1.0,0.0477381075827685
2023-03-20,-0.0008506200000000001,119111557.01010089,1.0,0.0477381075827685
2023-03-21,0.011632580000000002,120497131.72594543,1.2,-1.334813868255917
2023-03-22,-0.00028777999999999985,120462455.06137735,0.8,-1.334813868255917
2023-03-23,0.0029176,120813916.32026441,0.8,1.002000947749193
2023-03-24,-0.0035632999999999993,120383420.09224041,1.0,1.002000947749193
2023-03-27,-0.020083959999999998,117965644.29844466,1.0,1.0078531481081847
2023-03-28,-0.0107513,116697360.26689878,0.8,0.90345012775448
2023-03-29,-0.006707800000000002,115914577.71370047,1.0,0.90345012775448
2023-03-30,0.00284456,116244303.68488176,1.0,0.90345012775448
2023-03-31,0.00220026,116500071.37650746,1.2,-1.2044342396686347
2023-04-03,0.009272319999999999,117580297.31833328,0.8,-1.2044342396686347
2023-04-04,-0.011313800000000002,116250017.35053311,0.8,-1.2044342396686347
2023-04-06,-0.0026857999999999995,115937793.05393305,0.8,1.4431417163736289
2023-04-07,0.00863428,116938832.42174278,1.2,-1.218245323146181
2023-04-10,-0.011391580000000002,115606714.35710391,0.8,-1.218245323146181
2023-04-11,0.0022780599999999997,115870073.38881227,0.8,-1.218245323146181
2023-04-12,-0.0015644800000000005,115688796.97639695,1.2,-1.1889192203556036
2023-04-13,-0.010010800000000002,114530659.56762564,0.8,-1.1889192203556036
2023-04-14,0.00867146,115523807.60083993,0.8,1.1622762671836275
2023-04-17,-0.0013389,115369132.77484316,1.0,1.1622762671836275
2023-04-18,-0.006227440000000001,114650678.4226358,0.8,0.9804789906599902
2023-04-19,-0.014969999999999999,112934357.76664893,1.0,0.9804789906599902
2023-04-20,-0.01970874,110708563.87235907,1.2,-1.2452524752574812
2023-04-21,-0.0249292,107948687.94187225,1.2,-1.2068603996340252
2023-04-24,-0.017367439999999998,106073895.58096306,0.8,-1.2068603996340252
2023-04-25,-0.02984364,102908264.4278472,0.8,-1.2068603996340252
2023-04-26,0.008313780000000002,103763821.09848215,0.8,-1.2068603996340252
2023-04-27,-0.01104316,102617940.61988023,0.8,-1.2068603996340252
2023-04-28,0.01078832,103725015.8010285,0.8,1.3777291419343896
2023-05-04,-0.0005378999999999999,103669222.11502913,1.0,0.9110308952007016
2023-05-05,-0.016095500000000002,102000614.15047666,1.0,0.9110308952007016
2023-05-08,-0.00525842,101464252.08101551,1.0,1.2239144229739034
2023-05-09,-0.022131139999999997,99218732.51321526,1.0,1.2239144229739034
2023-05-10,0.0005552999999999995,99273828.67537986,1.0,1.2239144229739034
2023-05-11,0.0010951600000000004,99382549.40159199,1.0,1.2239144229739034
2023-05-12,-0.022848820000000002,97111775.41917391,1.0,1.2239144229739034
2023-05-15,0.0091866,98003902.4552397,0.8,0.9001554412470212
2023-05-16,-0.008593040000000001,97161751.00128572,1.0,0.9001554412470212
2023-05-17,0.00275316,97429252.8476724,1.0,0.9001554412470212
2023-05-18,-0.00017537999999999967,97412165.70530799,1.0,0.9001554412470212
2023-05-19,0.0007344400000000003,97483709.09628859,1.0,0.9001554412470212
2023-05-22,0.002076320000000001,97686116.4711594,1.0,0.9001554412470212
2023-05-23,-0.0027216999999999996,97420244.16795984,1.0,0.9001554412470212
2023-05-24,-0.005358240000000001,96898243.1188493,0.8,1.4389924549055042
2023-05-25,-0.0034386599999999996,96565043.00616623,1.2,-1.2831312831021449
2023-05-26,-0.007502840000000002,95840530.93889785,0.8,-1.2831312831021449
2023-05-29,-0.018962120000000002,94023191.29037076,0.8,-1.304770965227193
2023-05-30,-0.0019370600000000002,93841062.72744983,0.8,1.5067830525748975
2023-05-31,-0.00183156,93669187.19060075,0.8,0.8828708835039029
2023-06-01,-0.00724752,92990317.88305314,1.0,0.8828708835039029
2023-06-02,0.025148000000000004,95328838.39717616,1.2,-1.2097013963965706
2023-06-05,0.011210440000000002,96397516.62029739,0.8,-1.2097013963965706
2023-06-06,-0.008258520000000002,95601415.80133833,0.8,-1.2097013963965706
2023-06-07,0.005466900000000001,96124059.18138267,0.8,-1.2097013963965706
2023-06-08,0.0008010800000000006,96201062.2427117,0.8,0.8734433999248553
2023-06-09,0.0005501399999999993,96253986.29509391,1.2,-1.1257976470572193
2023-06-12,0.00076926,96328030.63659127,0.8,-1.1257976470572193
2023-06-13,-0.02292024,94120169.05567324,0.8,-1.1257976470572193
2023-06-14,0.004222340000000001,94517576.41028379,0.8,-1.1257976470572193
2023-06-15,0.004445179999999999,94937724.05059126,0.8,-1.1257976470572193
2023-06-16,0.0126197,96135809.6467925,0.8,-1.1257976470572193
2023-06-19,0.0002998400000000013,96164635.007957,1.2,-1.2241923929945464
2023-06-20,-0.01747844,94483827.20484853,0.8,1.444034287645218
2023-06-21,-0.0017596800000000004,94317565.9037927,1.2,-1.2484032206445288
2023-06-26,-0.005300840000000001,93817603.57774724,0.8,1.5197978315122271
2023-06-27,0.0224333,95922242.02408792,0.8,1.002000947749193
2023-06-28,-0.0032968200000000002,95606003.65813807,0.8,1.4846630393582765
2023-06-29,-0.00321056,95299054.8470334,0.8,1.4846630393582765
2023-06-30,0.018075539999999998,97021636.72488314,0.8,1.4846630393582765
2023-07-03,0.01764204,98733296.32084899,0.8,-0.1341687026765594
2023-07-04,0.006178860000000001,99343355.53615402,1.0,-0.1341687026765594
2023-07-05,0.00462738,99803054.99269491,1.0,-0.1341687026765594
2023-07-06,0.0071284600000000005,100514497.07808813,1.0,-0.1341687026765594
2023-07-07,-0.0018455399999999997,100328993.55315064,1.2,-1.2090223064213212
2023-07-10,0.0021614999999999994,100545854.67271577,0.8,1.4551596163902754
2023-07-11,0.0043035799999999996,100978561.80196817,0.8,1.4551596163902754
2023-07-12,-0.0034019800000000006,100635034.7542891,1.2,-1.2013239823644513
2023-07-13,-0.007296280000000001,99900773.36291207,0.8,-1.2013239823644513
2023-07-14,-0.0028324400000000003,99617810.41640802,0.8,-1.2013239823644513
2023-07-17,0.007753940000000001,100390240.94130822,0.8,1.4564959989008706
2023-07-18,0.0033990599999999998,100731473.39368218,0.8,1.4564959989008706
2023-07-19,0.00844608,101582259.47648308,0.8,1.4564959989008706
2023-07-20,0.0046436,102053966.85658808,0.8,0.9405467639207776
2023-07-21,0.00803448,102873917.412218,1.0,0.9405467639207776
2023-07-24,-0.005627420000000001,102295002.67189413,1.0,0.97636014954206
2023-07-25,0.021040180000000002,104447307.94121127,1.0,0.97636014954206
2023-07-26,0.00781974,105264058.73301147,1.0,0.97636014954206
2023-07-27,-0.007557259999999999,104468550.87251084,1.2,-1.2857801837122116
2023-07-28,0.01214252,105737062.34085132,0.8,-1.2857801837122116
2023-07-31,0.0232105,108191272.42631365,1.0,1.336054269314895
2023-08-01,-0.0016609199999999993,108011575.37811534,1.0,0.1653865707101057
2023-08-02,-0.00017553999999999985,107992615.02617347,1.0,0.1653865707101057
2023-08-03,0.0005007000000000002,108046686.92851707,1.0,0.1653865707101057
2023-08-04,-0.0011273400000000001,107924881.57647507,1.0,0.1653865707101057
2023-08-07,-0.0009562400000000006,107821679.48771638,1.0,0.1653865707101057
2023-08-08,0.0023474599999999996,108074786.5674466,1.0,0.1653865707101057
2023-08-09,0.0010727000000000002,108190718.3909975,1.0,0.1653865707101057
2023-08-10,0.00805566,109062266.03351112,1.0,0.1653865707101057
2023-08-11,-0.007199,108277126.78033587,1.0,0.1653865707101057
2023-08-14,0.00207662,108501977.22735046,1.2,-1.2749867772149643
2023-08-15,-0.003472560000000001,108125197.60130985,0.8,-1.2749867772149643
2023-08-16,-0.0027983,107822630.8608621,1.2,-1.2515446205396863
2023-08-17,0.00305258,108151768.06737536,0.8,-1.2515446205396863
2023-08-18,-0.00403212,107715687.16031554,0.8,1.4869446474084778
2023-08-21,-0.00650868,107014600.22160894,0.8,1.4869446474084778
2023-08-22,-0.00533538,106443636.66387857,0.8,0.9931524509476046
2023-08-23,-0.02165002,104139129.80123286,1.0,0.9931524509476046
2023-08-24,-0.003974580000000001,103725220.49870747,0.8,1.4755635217684566
2023-08-25,-0.0099792,102690125.77830678,0.8,1.4755635217684566
2023-08-28,-0.0007026199999999999,102617973.64213243,0.8,1.4755635217684566
2023-08-29,0.020768339999999996,104749178.60884328,0.8,1.4755635217684566
2023-08-30,0.0083829,105627280.49820335,0.8,1.4755635217684566
2023-08-31,-0.00256212,105356650.73029329,0.8,0.9834074727781568
2023-09-01,0.00672184,106064841.2794382,1.0,0.9834074727781568
2023-09-04,0.01464098,107617734.49931362,1.0,0.9834074727781568
2023-09-05,-0.00345978,107245400.81384759,1.2,-1.1018510911671855
2023-09-06,0.0006333599999999999,107313325.76090704,0.8,-1.1018510911671855
2023-09-07,-0.01344996,105869965.82195587,0.8,-1.1018510911671855
2023-09-08,-9.620000000000035e-05,105859781.13124381,0.8,-1.1018510911671855
2023-09-11,0.005030100000000001,106392266.41631207,0.8,1.438752065303305
2023-09-12,0.0015070800000000005,106552608.07318278,0.8,-0.1683070462166457
2023-09-13,-0.006130699999999999,105899365.99886851,1.0,-0.1683070462166457
2023-09-14,-0.006419179999999999,105219578.9066359,0.8,1.5108387468702231
2023-09-15,0.006621299999999999,105916269.3044504,0.8,1.5108387468702231
2023-09-18,0.00865888,106833385.57040532,1.0,0.9001554412470212
2023-09-19,-0.0022614199999999997,106591790.4156087,1.0,0.9001554412470212
2023-09-20,-0.0026935600000000007,106304679.03261684,1.0,0.9001554412470212
2023-09-21,-0.0047293199999999995,105801930.1879743,1.0,0.9001554412470212
2023-09-22,0.00509328,106340809.04296212,1.0,0.9001554412470212
2023-09-25,-0.011167539999999998,105153243.80434248,1.0,0.9001554412470212
2023-09-26,-0.007872100000000002,104325466.9537903,1.0,0.9001554412470212
2023-09-27,0.00991238,105359580.62591372,1.0,0.9001554412470212
2023-09-28,0.004905,105876369.36888382,0.8,1.3617677853814123
2023-10-09,-0.004405460000000001,105409935.25868398,1.2,-1.1935127254228703
2023-10-10,0.00135676,105552951.24244554,0.8,-1.1935127254228703
2023-10-11,-0.002294,105310812.77229537,0.8,-1.1935127254228703
2023-10-12,0.01018428,106383327.576596,0.8,-1.1935127254228703
2023-10-13,-0.00223956,106145075.73148856,0.8,-1.1935127254228703
2023-10-16,-0.00704698,105397073.50571027,0.8,-1.1935127254228703
2023-10-17,-0.00172036,105215752.596334,0.8,-1.1935127254228703
2023-10-18,-0.020654560000000002,103042567.52138786,0.8,1.500192820306104
2023-10-19,-0.0050693199999999996,102520211.77300033,0.8,1.500192820306104
2023-10-20,-0.0009282599999999999,102425046.36121993,0.8,1.4446288576701796
2023-10-23,-0.0206971,100305144.93417712,0.8,1.4446288576701796
2023-10-24,0.0130883,101617968.7626191,0.8,1.4947646284583025
2023-10-25,0.004145019999999999,102039177.27549952,0.8,1.4947646284583025
2023-10-26,-0.00144566,101891663.31847942,0.8,1.4947646284583025
2023-10-27,0.013188380000000001,103235449.2931556,0.8,1.4947646284583025
2023-10-30,0.0034171999999999996,103588225.47048016,0.8,1.4138129963488892
2023-10-31,-0.0007388999999999994,103511684.13068002,0.8,1.4138129963488892
2023-11-01,0.0040561600000000005,103931544.08338352,1.2,-1.218127006534253
2023-11-02,-0.0009007599999999997,103837926.70573497,0.8,-1.218127006534253
2023-11-03,0.009627,104837574.42613108,0.8,-1.218127006534253
2023-11-06,0.0219021,107133737.46496964,0.8,-1.218127006534253
2023-11-07,0.0017474999999999997,107320953.67118967,0.8,-1.218127006534253
2023-11-08,0.0076918,108146444.98263772,0.8,-1.218127006534253
2023-11-09,-0.004846680000000001,107622293.77066927,0.8,1.4330090212299829
2023-11-10,-0.0038147199999999997,107211744.85417642,0.8,0.9491146640097692
2023-11-13,0.00711082,107974108.2737204,1.2,-1.2621534053731265
2023-11-14,0.00371228,108374938.39638276,0.8,-1.2621534053731265
2023-11-15,0.0037424,108780520.76583737,0.8,-1.2621534053731265
2023-11-16,-0.00417238,108326647.0966044,0.8,-1.2621534053731265
2023-11-17,0.0089122,109292075.84085876,0.8,-1.2621534053731265
2023-11-20,0.008820620000000001,110256099.71086216,1.0,0.9706683240774038
2023-11-21,-0.0018168000000000008,110055786.42890747,1.0,0.9706683240774038
2023-11-22,-0.005562640000000001,109443585.70908658,1.2,-1.3683949884010922
2023-11-23,0.0023908600000000003,109705250.00041501,0.8,1.510184170738578
2023-11-24,-0.01039012,108565399.28828071,0.8,1.510184170738578
2023-11-27,-0.00843952,107649159.42967927,0.8,1.510184170738578
2023-11-28,0.00204464,107869263.20701557,0.8,1.510184170738578
2023-11-29,-0.011335200000000002,106646543.5347114,1.2,-1.2500217594321907
2023-11-30,-0.00502262,106110898.4722231,0.8,-1.2500217594321907
2023-12-01,0.01695964,107910501.11038856,0.8,-1.2500217594321907
2023-12-04,0.0060539800000000005,108563789.12590082,0.8,1.4164393672084945
2023-12-05,-0.0217471,106202841.54740094,0.8,0.9804789906599902
2023-12-06,0.014928780000000001,107788320.40423694,1.0,0.9804789906599902
2023-12-07,0.0019983400000000004,108003718.11643356,1.0,0.9804789906599902
2023-12-08,-0.00121438,107872560.56122734,1.0,0.9804789906599902
2023-12-11,0.00975566,108924928.58539207,1.0,0.9804789906599902
2023-12-12,-0.0004473000000000002,108876206.46483582,1.0,0.9804789906599902
2023-12-13,-0.01512124,107229863.21659148,1.0,0.9804789906599902
2023-12-14,0.0009994600000000002,107337035.17568193,1.0,0.9804789906599902
2023-12-15,-0.0007018000000000003,107261706.04439564,1.0,0.9804789906599902
2023-12-18,-0.019461819999999998,105174198.0284667,1.2,-1.3062894116587525
2023-12-19,0.00267614,105455658.90677859,0.8,-1.3062894116587525
2023-12-20,-0.016704080000000003,103694119.14394705,0.8,-1.3062894116587525
2023-12-21,0.01666292,105421965.9557131,0.8,-1.3062894116587525
2023-12-22,-0.01791418,103533417.88162857,0.8,-1.3062894116587525
2023-12-25,-0.0138292,102101633.53905995,0.8,-1.3062894116587525
2023-12-26,-0.0106049,101018855.92554156,0.8,-1.3062894116587525
2023-12-27,-0.00526698,100486791.63175885,0.8,1.383074633640473
2023-12-28,0.030460200000000003,103547639.40222056,0.8,1.383074633640473
2023-12-29,0.011922320000000002,104782167.49441844,1.2,-1.2989373082546989
2024-01-02,-0.004782,104281099.16946013,0.8,1.5004035096613082
2024-01-03,-0.003505600000000001,103915531.34821168,1.0,0.1584050451215144
2024-01-04,-0.00915398,102964290.65256077,0.8,0.999804744381964
2024-01-05,-0.020747180000000004,100828071.98081978,1.0,0.999804744381964
2024-01-08,-0.025854100000000005,98221252.92502047,1.2,-1.1821538537085132
2024-01-09,0.0011197800000000003,98331239.11962084,0.8,-1.1821538537085132
2024-01-10,-0.009610800000000001,97386197.24668999,0.8,-1.1821538537085132
2024-01-11,0.02394674,99718279.19174519,0.8,-1.1821538537085132
2024-01-12,-0.007522920000000001,98968106.55484803,0.8,-1.1821538537085132
2024-01-15,-0.0061384000000000005,98360600.72957174,0.8,1.4509040412384753
2024-01-16,-0.0037393600000000006,97992795.03362761,0.8,1.4509040412384753
2024-01-17,-0.02243682,95794148.33016121,0.8,1.4509040412384753
2024-01-18,0.006288900000000002,96396588.14959475,0.8,1.4509040412384753
2024-01-19,-0.008613699999999998,95566256.85825059,0.8,1.4509040412384753
2024-01-22,-0.05024193999999999,90764822.71515377,0.8,1.4509040412384753
2024-01-23,0.020732780000000003,92646629.81624605,0.8,1.4509040412384753
2024-01-24,0.015375700000000003,94071136.60231172,0.8,1.4509040412384753
2024-01-25,0.04138532,97964300.6933621,0.8,1.4509040412384753
2024-01-26,-0.0006752399999999998,97898151.27896193,0.8,1.4509040412384753
2024-01-29,-0.02938582,95021333.82714558,0.8,-1.197403165391398
2024-01-30,-0.02750572,92407703.62486959,0.8,-1.197403165391398
2024-01-31,-0.040760540000000005,88641115.72495995,0.8,-1.197403165391398
2024-02-01,-0.005517640000000001,88152025.95919129,0.8,0.981469686020766
2024-02-02,-0.042313540000000004,84422001.68268602,1.0,0.981469686020766
2024-02-05,-0.06627812000000001,78826670.12452075,1.0,0.981469686020766
2024-02-06,0.04204638,82141046.250711,1.0,0.981469686020766
2024-02-07,0.019445820000000003,83738346.250714,1.0,0.981469686020766
2024-02-08,0.04517489999999999,87521217.66875538,1.2,-1.1560026788636788
2024-02-19,0.021052960000000003,89363798.36348699,1.0,-0.2103413621564894
2024-02-20,0.009261680000000001,90191457.26751414,1.0,-0.2103413621564894
2024-02-21,0.01985514,91982221.27836464,1.0,-0.2103413621564894
2024-02-22,0.02501452,94283112.39217673,1.0,-0.2103413621564894
2024-02-23,0.02345762,96494769.81508972,1.0,-0.2103413621564894
2024-02-26,0.01795502,98227335.33701505,1.0,-0.2103413621564894
2024-02-27,0.034088400000000005,101575748.03491734,1.0,-0.2103413621564894
2024-02-28,-0.053878680000000005,96102980.8107834,1.0,-0.2103413621564894
2024-02-29,0.04625542,100548264.55143814,1.0,-0.2103413621564894
2024-03-01,0.00388916,100939312.840001,1.0,-0.2103413621564894
2024-03-04,-0.012865539999999998,99640674.07308546,1.0,-0.2103413621564894
2024-03-05,-0.018596879999999996,97787668.41422917,1.0,-0.2103413621564894
2024-03-06,0.02104932,99846032.33873416,1.0,-0.2103413621564894
2024-03-07,-0.00508168,99338646.75311907,1.0,-0.2103413621564894
2024-03-08,0.00824832,100158023.69990577,1.0,-0.2103413621564894
2024-03-11,0.031601580000000004,103323175.49850024,1.0,-0.2103413621564894
2024-03-12,0.02164302,105559401.05227779,1.0,-0.2103413621564894
2024-03-13,-0.0034869799999999998,105191317.53199652,0.8,1.4110732759670253
2024-03-14,-0.00113116,105072329.32125703,0.8,1.4110732759670253
2024-03-15,0.014102920000000001,106554155.97588837,0.8,1.4110732759670253
2024-03-18,0.015280140000000001,108182318.39678179,0.8,1.4110732759670253
2024-03-19,-0.00436448,107710158.8317854,0.8,1.5082697297529375
2024-03-20,0.020547839999999998,109923369.94183552,0.8,1.5082697297529375
2024-03-21,-0.0021503000000000004,109687001.7194496,0.8,1.5082697297529375
2024-03-22,-0.024301640000000003,107021427.69098414,0.8,1.5082697297529375
2024-03-25,-0.02060978,104815739.61098705,1.0,0.161143909635309
2024-03-26,0.010426939999999999,105908647.03896645,1.0,0.161143909635309
2024-03-27,-0.04105588,101560474.33517228,1.2,-1.357726955172477
2024-03-28,0.010642340000000002,102641315.43360846,0.8,-1.357726955172477
2024-03-29,0.011396900000000001,103811108.24147375,0.8,-1.357726955172477
2024-04-01,0.020531900000000002,105942547.53477685,1.2,-1.261203138589925
2024-04-02,0.0019833999999999997,106152673.98355734,0.8,-1.261203138589925
2024-04-03,-0.010857179999999998,105000155.29463655,0.8,-1.261203138589925
2024-04-08,-0.0341385,101415607.4931106,0.8,-1.2965901621833853
2024-04-09,0.01133804,102565461.70749179,0.8,-1.2965901621833853
2024-04-10,-0.02383054,100121271.36965294,0.8,0.928535419759192
2024-04-11,-0.00533396,99587228.51301807,1.0,0.928535419759192
2024-04-12,-0.013659959999999999,98226870.95501938,1.0,0.928535419759192
2024-04-15,-0.04228946,94072909.62484193,1.0,0.928535419759192
2024-04-16,-0.051830440000000005,89197069.32690613,1.0,0.928535419759192
2024-04-17,0.020170139999999996,90996186.70281954,1.0,0.928535419759192
2024-04-18,-0.01515846,89616824.64653233,1.0,0.928535419759192
2024-04-19,-0.02299234,87556324.14453886,1.0,0.928535419759192
2024-04-22,-0.01462032,86276222.66752198,0.8,1.358534982511343
2024-04-23,-0.006180700000000001,85742975.21808083,0.8,1.358534982511343
2024-04-24,0.0026208399999999997,85967693.8372514,0.8,1.358534982511343
2024-04-25,0.0048791,86387138.81225272,0.8,1.002000947749193
2024-04-26,0.004248880000000001,86754187.39860933,1.2,-1.169881646924878
2024-04-29,0.02746748,89137106.3058969,0.8,1.3536106157315029
2024-04-30,-0.00683502,88527852.40155396,1.2,-1.1084342619833647
2024-05-06,0.005163260000000001,88984944.7207448,0.8,1.493139830797712
2024-05-07,0.0013759199999999994,89107380.88588499,0.8,1.493139830797712
2024-05-08,-0.01484694,87784408.9483151,0.8,-0.1522744156296121
2024-05-09,6.940000000000418e-06,87785018.1721132,1.0,-0.1522744156296121
2024-05-10,-0.018965040000000002,86120171.79107834,1.0,-0.1522744156296121
2024-05-13,-0.020489200000000003,84355638.36721659,1.0,0.8593731381972192
2024-05-14,0.013606639999999998,85503435.17044948,1.0,0.8593731381972192
2024-05-15,0.0047829199999999995,85912391.26059493,1.0,0.8593731381972192
2024-05-16,0.009709079999999998,86746521.54033534,1.0,0.8593731381972192
2024-05-17,0.0077693,87420481.29013868,0.8,0.986211300176067
2024-05-20,-0.0038279000000000004,87085844.42980815,1.0,0.986211300176067
2024-05-21,-0.010086079999999999,86207489.63602155,1.2,-1.2484032206445288
2024-05-22,0.00269408,86439739.50970016,0.8,-1.2484032206445288
2024-05-23,-0.01393844,85234904.38692857,0.8,-1.2484032206445288
2024-05-24,-0.009480899999999999,84426800.78192654,0.8,-1.2484032206445288
2024-05-27,-0.00969794,83608034.73355146,0.8,-1.2484032206445288
2024-05-28,-0.017830040000000002,82117300.12993085,0.8,-1.2484032206445288
2024-05-29,-0.00548452,81666926.15502225,0.8,-1.2484032206445288
2024-05-30,-0.013050700000000002,80601115.6018509,0.8,-1.2484032206445288
2024-05-31,-0.0040735,80272786.95744675,0.8,-1.2484032206445288
2024-06-03,-0.031760659999999996,77723270.26363885,0.8,-1.2484032206445288
2024-06-04,-0.02775278,75566233.44313154,0.8,-1.2484032206445288
2024-06-05,-0.015394660000000003,74402916.97179389,0.8,-1.2484032206445288
2024-06-06,-0.07155098,69079315.3476034,0.8,-1.2484032206445288
2024-06-07,0.0076763399999999985,69609591.65917881,0.8,-1.2484032206445288
2024-06-11,-0.007464460000000001,69089993.64662254,0.8,1.3736438663394608
2024-06-12,0.012491960000000002,69953063.0836564,0.8,1.3736438663394608
2024-06-13,-0.011664800000000001,69137074.59339817,0.8,1.3736438663394608
2024-06-14,-0.0084754,68551110.23138928,0.8,1.3736438663394608
2024-06-17,-0.0033358600000000004,68322433.3248128,1.2,-1.3255728008590324
2024-06-18,0.0126564,69187149.36994496,0.8,1.377070927538934
2024-06-19,-0.00324938,68962334.03052525,0.8,1.377070927538934
2024-06-20,-0.025269899999999998,67219662.74580729,0.8,1.377070927538934
2024-06-21,-0.007821119999999999,66693929.6971128,1.2,-1.2654096076004242
2024-06-24,-0.02395168,65096498.035065055,0.8,-1.2654096076004242
2024-06-25,-0.01305276,64246809.06937288,1.2,-1.1709846079791055
2024-06-26,0.01528648,65228916.63127567,0.8,-1.1709846079791055
2024-06-27,-0.00943378,64613561.38213788,0.8,-1.1709846079791055
2024-06-28,-0.010518479999999998,63933924.92901109,0.8,-1.1709846079791055
2024-07-01,0.00583476,64306964.03682988,0.8,-1.349029198223143
2024-07-02,0.02479542,65901482.21904797,0.8,-1.349029198223143
2024-07-03,0.013305060000000002,66778305.394061334,0.8,-1.349029198223143
2024-07-04,-0.01855524,65539217.91068123,0.8,-1.349029198223143
2024-07-05,0.01322756,66406141.84794784,0.8,1.4350793104563178
2024-07-08,-0.02552302,64711256.561439835,1.2,-1.2650897249034392
2024-07-09,-0.010674519999999998,64020494.95904961,0.8,-1.2650897249034392
2024-07-10,-0.01754768,62897083.8000666,0.8,-1.2650897249034392
2024-07-11,0.03454546000000001,65069892.492598444,0.8,-1.2650897249034392
2024-07-12,0.00917546,65666938.68836858,1.2,-1.2245952587796896
2024-07-15,-0.0077296,65159359.51908297,0.8,-1.2245952587796896
2024-07-16,0.00557994,65522944.83563789,0.8,-1.2245952587796896
2024-07-17,-0.004346199999999999,65238169.01279324,0.8,-1.2245952587796896
2024-07-18,0.00273162,65416374.90003197,0.8,0.995354660299024
2024-07-19,0.0009111400000000002,65475978.37585838,1.0,0.995354660299024
2024-07-22,0.01034698,66153457.01459382,0.8,1.4531991924226553
2024-07-23,-0.004631139999999999,65847091.093675256,0.8,1.4531991924226553
2024-07-24,-0.013551259999999999,64954780.04202118,0.8,1.4531991924226553
2024-07-25,0.004543200000000001,65249882.59870809,1.2,-1.3000307708891976
2024-07-26,0.00699944,65706595.23696479,0.8,-1.3000307708891976
2024-07-29,0.005971219999999999,66098943.772575654,0.8,1.412275856541671
2024-07-30,0.01603982,67159158.9328779,1.2,-1.287327602366736
2024-07-31,0.017346720000000003,68324150.05832203,0.8,-1.287327602366736
2024-08-01,0.0034144399999999995,68557438.76924716,0.8,-1.287327602366736
2024-08-02,0.0029471600000000003,68759488.51049033,0.8,-1.287327602366736
2024-08-05,-0.00392772,68489420.4922779,0.8,-1.287327602366736
2024-08-06,0.01287002,69370880.70380193,0.8,-1.287327602366736
2024-08-07,-0.001982879999999999,69233326.57187198,0.8,-1.287327602366736
2024-08-08,0.013676080000000002,70180167.08473502,0.8,-1.287327602366736
2024-08-09,-0.014415300000000002,69168498.92215843,1.2,-1.1604203005253606
2024-08-12,-0.014169380000000002,68188424.17690077,0.8,-1.1604203005253606
2024-08-13,0.00354708,68430293.97253017,0.8,-1.1604203005253606
2024-08-14,-0.0031371000000000007,68215621.29730895,0.8,-1.1604203005253606
2024-08-15,0.0017797599999999996,68337028.73146905,0.8,-1.1604203005253606
2024-08-16,-0.00850852,67755581.75576676,0.8,-1.1604203005253606
2024-08-19,-0.00422788,67469119.28677319,0.8,-1.1604203005253606
2024-08-20,-0.0051649800000000004,67120642.63503939,1.2,-1.252831076622308
2024-08-21,0.00452598,67424429.32119273,0.8,-1.252831076622308
2024-08-22,-0.004837299999999999,67098277.12923732,0.8,-1.252831076622308
2024-08-23,-0.0014778799999999991,66999113.92743356,0.8,-1.252831076622308
2024-08-26,0.009493419999999999,67635164.65557455,0.8,-1.2683500468882618
2024-08-27,-0.003683459999999999,67386033.23197232,1.2,-1.2501171186313054
2024-08-28,0.007816980000000001,67912788.50602598,0.8,-1.2501171186313054
2024-08-29,0.01053786,68628443.9635121,0.8,0.1047528664315109
2024-08-30,0.02211984,70146494.16343394,0.8,1.275758670303916
2024-09-02,-0.00994014,69449228.19094023,1.0,1.275758670303916
2024-09-03,0.018215460000000003,70714277.82908317,0.8,1.304192982661187
2024-09-04,-0.005318700000000001,70338169.79959363,1.0,1.304192982661187
2024-09-05,0.009338579999999999,70995028.42532073,1.0,1.304192982661187
2024-09-06,-0.007396199999999999,70469934.99608138,1.2,-1.3457389339859325
2024-09-09,-0.0020320399999999997,70326737.26937194,0.8,-1.3457389339859325
2024-09-10,-0.0006206800000000002,70283086.87008359,1.0,0.3495648067747858
2024-09-11,-0.00244882,70110976.24129438,0.8,0.9522523998771812
2024-09-12,0.00459176,70432909.01756011,1.0,0.9522523998771812
2024-09-13,-0.01512416,69367670.43231308,1.0,0.9522523998771812
2024-09-18,-0.0098629,68683504.03560622,1.0,0.9522523998771812
2024-09-19,0.021280040000000004,70145091.74882407,1.0,0.9522523998771812
2024-09-20,0.003852440000000001,70415321.50608091,1.0,0.9522523998771812
2024-09-23,-0.00021229999999999996,70400372.33332516,0.8,-1.320883613526787
2024-09-24,0.022298400000000003,71970187.99576257,0.8,-1.320883613526787
2024-09-25,0.01217118,72846150.10849284,0.8,0.8806374492795089
2024-09-26,0.01780678,74143305.47732174,0.8,0.938690866546212
2024-09-27,0.029165519999999997,76305733.53608668,1.0,0.938690866546212
2024-09-30,0.04673748,79872071.23111486,1.0,0.938690866546212
2024-10-08,0.01901832,81391103.84085101,0.8,1.4491488492101707
2024-10-09,-0.046803279999999996,77581733.21827859,0.8,1.515921246774998
2024-10-10,-0.008100099999999999,76953313.4210372,0.8,1.515921246774998
2024-10-11,-0.012730680000000001,75973645.41293427,1.2,-1.2882608530300086
2024-10-14,0.01573266,77168912.94517653,0.8,-1.316615304081263
2024-10-15,0.0007296600000000001,77225220.0141961,0.8,1.4245767885878626
2024-10-16,0.0036520199999999993,77507248.06219235,0.8,1.4245767885878626
2024-10-17,-0.004938540000000001,77124475.41734728,0.8,1.4245767885878626
2024-10-18,0.01016306,77908296.0884823,0.8,1.4245767885878626
2024-10-21,0.0057579400000000005,78356887.38286203,0.8,1.4245767885878626
2024-10-22,0.02023188,79942194.52556562,0.8,1.4245767885878626
2024-10-23,0.013156260000000001,80993934.82171454,0.8,1.4245767885878626
2024-10-24,0.01050526,81844797.1654397,0.8,1.4245767885878626
2024-10-25,0.028878139999999997,84208322.67625487,0.8,-0.1408436160925069
2024-10-28,0.0238423,86216042.76799895,1.0,0.978964441199347
2024-10-29,-0.01114676,85255013.23111433,1.0,0.978964441199347
2024-10-30,0.01146944,86232840.4900678,1.0,0.978964441199347
2024-10-31,0.009688819999999999,87068334.95966478,1.2,-1.249623112532696
2024-11-01,-0.013373119999999999,85903959.66804898,0.8,-1.249623112532696
2024-11-04,0.020868499999999998,87696646.45038165,0.8,-1.352378226507318
2024-11-05,0.020023600000000003,89452649.02024552,0.8,-1.352378226507318
2024-11-06,0.00771234,90142538.26339033,0.8,0.0832278150554242
2024-11-07,0.02212936,92137334.94393468,1.0,0.0832278150554242
2024-11-08,0.0007650799999999998,92207827.37615359,1.0,0.0832278150554242
2024-11-11,0.01731374,93804289.72530921,1.0,0.0832278150554242
2024-11-12,0.00481888,94256321.34098071,1.0,0.0832278150554242
2024-11-13,0.0022041000000000005,94464071.69884835,1.0,0.0832278150554242
2024-11-14,-0.00773514,93733378.87928772,1.0,0.0832278150554242
2024-11-15,-0.016562820000000002,92180889.79691827,0.8,0.9666459636143504
2024-11-18,-0.01579662,90724743.30953448,1.0,0.9666459636143504
2024-11-19,0.0097398,91608384.16442068,1.0,0.5331626137428375
2024-11-20,0.016153340000000002,93088165.54067919,1.0,0.5331626137428375
2024-11-21,0.0029314,93361044.18914513,1.0,0.5331626137428375
2024-11-22,-0.02838858,90710656.71729805,1.0,0.5331626137428375
2024-11-25,0.0036731000000000008,91043846.03048636,0.8,1.369964963445683
2024-11-26,-0.00394348,90684816.44454207,0.8,1.5076876466966196
2024-11-27,0.005453679999999999,91179382.41428934,0.8,1.5076876466966196
2024-11-28,0.00291326,91445011.66190158,0.8,1.5076876466966196
2024-11-29,0.007444940000000001,92125814.28702374,0.8,1.5076876466966196
2024-12-02,0.015127800000000002,93519475.18039496,0.8,1.5076876466966196
2024-12-03,0.0030656399999999997,93806172.22428699,0.8,1.5076876466966196
2024-12-04,-0.0061686,93227519.47030425,0.8,1.5076876466966196
2024-12-05,0.0020582,93419400.35087803,0.8,1.5076876466966196
2024-12-06,0.0123424,94572419.95776871,0.8,1.5076876466966196
2024-12-09,0.00491648,95037383.36904266,0.8,1.5076876466966196
2024-12-10,0.00188688,95216707.50697404,0.8,1.5076876466966196
2024-12-11,0.01103666,96267581.93404797,1.2,-1.297939980317956
2024-12-12,0.0047717800000000015,96726949.65616922,0.8,-1.297939980317956
2024-12-13,-0.01920138,94869658.73958024,0.8,-1.297939980317956
2024-12-16,3.828000000000013e-05,94873290.3501168,0.8,-1.297939980317956
2024-12-17,-0.012116179999999999,93723788.48704252,1.2,-1.32956742023802
2024-12-18,0.0036557200000000003,94066416.41509037,0.8,-1.32956742023802
2024-12-19,-0.006307580000000001,93473084.96823888,0.8,-1.32956742023802
2024-12-20,0.00391678,93839198.47798076,0.8,-1.32956742023802
2024-12-23,-0.00919682,92976176.2606345,1.2,-1.1481200773050904
2024-12-24,0.011489560000000001,94044431.61635163,0.8,-1.1481200773050904
2024-12-25,-0.00810662,93282049.14612189,0.8,-1.1481200773050904
2024-12-26,-0.00023174000000000014,93260431.96405277,0.8,-0.3562431464494014
2024-12-27,0.0043180200000000005,93663132.37448218,1.0,-0.3562431464494014
2024-12-30,-0.0037293200000000004,93313832.58165538,1.0,-0.3562431464494014
2024-12-31,-0.0139344,92013560.31292956,1.2,-1.245033786133815
2025-01-02,-0.014270299999999996,90700499.20319596,0.8,-1.245033786133815
2025-01-03,-0.0041107800000000005,90327649.40508145,0.8,-1.245033786133815
2025-01-06,0.0016047799999999997,90472605.41029374,0.8,-0.1149390423605258
2025-01-07,0.0017957400000000003,90635070.68673322,1.0,-0.1149390423605258
2025-01-08,-0.0060067,90090653.00763921,1.0,-0.1149390423605258
2025-01-09,-0.0038155000000000003,89746912.12108856,1.2,-1.3099137921740809
2025-01-10,-0.01216264,88655352.73784813,0.8,0.9690638496624566
2025-01-13,0.006016960000000001,89188788.44905765,1.2,-1.1935127254228703
2025-01-14,0.02178114,91131421.93669698,0.8,-1.1935127254228703
2025-01-15,-0.00712818,90481820.75747626,0.8,1.4792308169478914
2025-01-16,0.00757334,91167070.34989168,0.8,1.4792308169478914
2025-01-17,0.0005877200000000001,91220651.06047772,0.8,1.4792308169478914
2025-01-20,0.0014078999999999997,91349080.61510576,0.8,1.4792308169478914
2025-01-21,-0.0071949,90691833.11498813,0.8,1.4792308169478914
2025-01-22,-0.0027111600000000002,90445953.0447201,0.8,1.4792308169478914
2025-01-23,-0.0006453800000000001,90387581.0355441,0.8,1.4792308169478914
2025-01-24,0.0052451,90861672.93683363,1.2,-1.3121782095073455
2025-01-27,0.006839460000000001,91483117.71441819,0.8,-0.1612753032219438
2025-02-05,0.011204939999999998,92508180.55942118,0.8,1.3616400164396698
2025-02-06,0.014187080000000001,93820601.51767212,0.8,1.3616400164396698
2025-02-07,0.01613624,95334513.26070565,0.8,0.9943762632291496
2025-02-10,0.018802779999999998,97127067.13995378,1.0,0.9684676464984044
2025-02-11,-0.0060921000000000005,96535359.33423047,1.0,0.9684676464984044
2025-02-12,0.007415440000000001,97251211.49925189,1.0,0.9684676464984044
2025-02-13,0.0011909799999999995,97367035.74712327,1.0,0.9684676464984044
2025-02-14,-0.0028319399999999994,97091298.14390956,0.8,0.9866672189506674
2025-02-17,0.007963320000000001,97864467.22024491,1.0,0.9768893090134756
2025-02-18,-0.018473540000000004,96056564.07047303,1.0,0.9768893090134756
2025-02-19,0.01033488,97049297.13335368,1.0,0.9768893090134756
2025-02-20,0.002434259999999998,97285540.35539351,0.8,1.4029892691571384
2025-02-21,-0.0004599000000000003,97240798.73538408,0.8,1.4029892691571384
2025-02-24,-0.0023041399999999992,97016742.32138593,0.8,1.4029892691571384
2025-02-25,-0.00802672,96238016.09546001,0.8,1.4029892691571384
2025-02-26,0.007494580000000001,96959279.60612872,1.2,-1.246898803202752
2025-02-27,0.0003116599999999993,96989497.93521076,0.8,-1.246898803202752
2025-02-28,-0.0191771,95129520.63435744,0.8,-1.246898803202752
2025-03-03,0.0012239,95245949.65466183,0.8,-1.336360949665705
2025-03-04,0.00540958,95761190.2389947,0.8,-1.336360949665705
2025-03-05,-0.003125320000000001,95461905.87591697,0.8,1.476090481503548
2025-03-06,0.00671218,96102663.37129919,0.8,1.476090481503548
2025-03-07,-0.006461720000000001,95481674.8693396,0.8,1.476090481503548
2025-03-10,0.0064949000000000005,96101818.79944848,0.8,-1.3247800675412853
2025-03-11,0.0033961200000000003,96428192.10830964,0.8,-1.3247800675412853
2025-03-12,0.00367254,96782328.50095509,0.8,-1.3247800675412853
2025-03-13,-0.0017493399999999998,96613023.30241522,0.8,1.007191031982156
2025-03-14,0.012691219999999998,97839160.4360113,1.0,1.007191031982156
2025-03-17,0.00572922,98399702.51076451,0.8,-1.1580216745581082
2025-03-18,0.00399092,98792407.85150877,0.8,-1.1580216745581082
2025-03-19,0.00059794,98851479.7838595,0.8,1.2391108807885294
2025-03-20,-0.0022474199999999995,98629318.99116367,1.0,1.2391108807885294
2025-03-21,-0.00762758,97877015.97021306,1.0,1.2391108807885294
2025-03-24,-0.014143820000000001,96492661.07419324,0.8,-1.2222831989950451
2025-03-25,0.008032059999999999,97267695.91750081,0.8,-0.1294600117085504
2025-03-26,0.0011479999999999997,97379359.2324141,1.2,-1.3596649823872176
2025-03-27,-0.0059342399999999995,96801486.74368274,0.8,0.8850310770314815
2025-03-28,-0.008562380000000001,95972635.62961838,1.0,0.8850310770314815
2025-03-31,-0.013555159999999998,94671711.19803719,0.8,0.9641359457445684
2025-04-01,0.015219460000000002,96112563.51974727,1.0,0.9641359457445684
2025-04-02,-0.00349554,95776598.20946147,1.0,0.9641359457445684
2025-04-03,0.00394154,96154105.50236799,1.0,0.9641359457445684
2025-04-07,-0.08354008,88121383.83637172,0.8,1.432634788917269
2025-04-08,-0.00764652,87447561.91243923,0.8,1.4327804289070407
2025-04-09,0.017490860000000004,88977094.97519104,1.2,-1.3616564656941157
2025-04-10,0.02564924,91259289.8387125,0.8,-1.3616564656941157
2025-04-11,0.0013344400000000005,91381069.88544486,0.8,0.915193121239528
2025-04-14,0.0176254,92991697.79460378,0.8,0.9458199775023104
2025-04-15,-0.0036725,92650185.7844531,1.0,0.9458199775023104
2025-04-16,-0.00670906,92028590.12901405,0.8,1.1184223962451247
2025-04-17,0.008907279999999998,92848314.54929842,1.0,1.1184223962451247
2025-04-18,-0.0027618999999999994,92591876.78934471,1.0,1.1184223962451247
2025-04-21,0.0013908400000000004,92720657.2752584,1.0,1.1184223962451247
2025-04-22,0.0017861999999999995,92886274.91328347,1.0,1.1184223962451247
2025-04-23,0.0008413600000000004,92964425.7095445,1.0,1.1184223962451247
2025-04-24,-0.0075222200000000005,92265126.84718364,1.2,-1.2626388439610476
2025-04-25,0.0057170400000000005,92792610.26797406,0.8,-1.2626388439610476
2025-04-28,-0.02341996,90619411.04720253,1.0,0.999804744381964
2025-04-29,-0.0015370799999999995,90480121.7628701,1.0,0.999804744381964
2025-04-30,0.00075668,90548586.26140563,1.2,-1.198585016166295
2025-05-06,0.0315758,93407730.31147851,0.8,1.456642677064608
2025-05-07,0.0125831,94583089.12276088,1.2,-1.3088410296591229
2025-05-08,0.011710459999999999,95690700.6046094,0.8,-1.3088410296591229
2025-05-09,0.0008566599999999993,95772675.00018933,0.8,-1.3088410296591229
2025-05-12,0.018995300000000003,97591905.69362043,1.0,0.9919054736563468
2025-05-13,0.0008033000000000007,97670301.27146412,0.8,0.99106084670264
2025-05-14,0.014634059999999997,99099614.3204888,1.0,0.99106084670264
2025-05-15,-0.0009696400000000007,99003523.37045908,1.0,0.99106084670264
2025-05-16,-0.00834958,98176885.53179556,1.2,-1.264471117774065
2025-05-19,0.029845800000000006,101107053.22200042,0.8,-1.264471117774065
2025-05-20,0.014739119999999998,102597282.21228588,0.8,0.9774142520299636
2025-05-21,0.002306179999999999,102833890.0125782,1.0,0.9774142520299636
2025-05-22,-0.008640140000000001,101945390.80612493,1.2,-1.2207482617006231
2025-05-23,-0.018996199999999998,100008815.77329361,0.8,-1.2207482617006231
2025-05-26,0.01553432,101562384.720337,0.8,-1.158683281859944
2025-05-27,0.013434340000000001,102926808.32788083,1.2,-1.261300230487678
2025-05-28,-0.00816198,102086721.77684483,0.8,-1.261300230487678
2025-05-29,0.013043040000000002,103418242.97244908,0.8,-1.261300230487678
2025-05-30,-0.010104199999999999,102373284.36180685,1.2,-1.3513844758361049
2025-06-03,-0.0023838400000000004,102129242.83161381,0.8,-1.3513844758361049
2025-06-04,0.016332460000000004,103797264.60499144,0.8,-1.3513844758361049
2025-06-05,0.0013486600000000004,103937251.8238736,1.2,-1.231865176792904
2025-06-06,0.00659516,104622734.62961234,0.8,-1.231865176792904
2025-06-09,0.014543179999999998,106144281.89142303,0.8,-1.1780332698561655
2025-06-10,0.0016650999999999994,106321022.73520045,0.8,1.2185997172770235
2025-06-11,0.01111146,107502404.52648172,1.0,1.2185997172770235
2025-06-12,-0.00480906,106985419.0129696,0.8,0.9615264957268668
2025-06-13,-0.023400380000000002,104481919.55360688,1.2,-1.3195405399962603
2025-06-16,0.01721356,106280425.34475808,0.8,-1.2874551857960312
2025-06-17,-0.0001877800000000003,106260468.00648685,0.8,-1.2874551857960312
2025-06-18,-0.008327780000000002,105375554.20623179,0.8,0.9449699011917208
2025-06-19,-0.01119504,104195870.66187085,1.0,0.9449699011917208
2025-06-20,-0.02634828,101450488.68682809,1.0,0.9449699011917208
2025-06-23,0.01371164,102841541.26552594,1.0,0.9449699011917208
2025-06-24,0.020322540000000004,104931542.60155624,1.0,0.9449699011917208
2025-06-25,0.00406554,105358145.98526457,1.0,0.9449699011917208
2025-06-26,-0.004367360000000002,104898009.03281435,0.8,0.9284070700281978
2025-06-27,0.00023197999999999974,104922343.27294977,1.0,0.9284070700281978
2025-06-30,0.00657718,105612436.41067776,1.0,0.9191079361801444
2025-07-01,0.00484842,106124489.85962002,1.0,0.9191079361801444
2025-07-02,-0.00019834000000000008,106103441.12830126,1.0,0.9191079361801444
2025-07-03,0.015002399999999999,107695247.39348449,1.0,0.9191079361801444
2025-07-04,-0.011382100000000001,106469449.31812711,1.2,-1.255857708016505
2025-07-07,8.066000000000017e-05,106478037.14390911,0.8,-1.255857708016505
2025-07-08,0.010939200000000001,107642821.68783376,0.8,-1.255857708016505
2025-07-09,-0.0009865000000000004,107536632.0442387,0.8,-1.255857708016505
2025-07-10,0.011281000000000001,108749752.79032977,0.8,-1.255857708016505
2025-07-11,0.00086078,108843362.40253663,0.8,-1.255857708016505
2025-07-14,-0.006928119999999999,108089282.52660838,1.2,-1.3063830423299654
2025-07-15,-0.013669119999999996,106611797.15303826,0.8,-1.3063830423299654
2025-07-16,0.0064747,107302076.55606505,0.8,-1.3063830423299654
2025-07-17,0.00424024,107757063.11316113,0.8,-1.3063830423299654
2025-07-18,-0.0029700799999999995,107437016.01515,0.8,0.9050376744525084
2025-07-21,0.013183040000000002,108853362.49475835,0.8,1.0016399605446191
2025-07-22,0.0055217800000000004,109454426.81471467,1.0,1.0016399605446191
2025-07-23,-0.00804526,108573837.4928393,1.0,1.0016399605446191
2025-07-24,0.01211192,109888875.12664557,1.0,1.0016399605446191
2025-07-25,-0.00632204,109194153.26253991,0.8,0.995973432362016
2025-07-28,-0.0035443200000000005,108807134.24124841,1.0,0.995973432362016
2025-07-29,-0.0011555800000000002,108681398.8930619,1.0,0.995973432362016
2025-07-30,-0.0027143400000000004,108386400.6247905,0.8,0.9628441396495024
2025-07-31,-0.015767620000000003,106677405.04657105,1.0,0.9628441396495024
2025-08-01,0.00211352,106902869.87568507,1.0,0.9628441396495024
2025-08-04,0.0035577800000000004,107283206.76807138,1.0,-0.1203308562384852
2025-08-05,0.0107179,108433057.4498909,0.8,-0.1370519696022824
2025-08-06,0.0069657600000000005,109188376.10415304,1.0,-0.1370519696022824
2025-08-07,0.004214600000000001,109648561.43408161,1.0,-0.1370519696022824
2025-08-08,-0.00793724,108778254.48632456,1.0,-0.1370519696022824
2025-08-11,0.008107420000000002,109660165.48231208,0.8,1.4954345813868846
2025-08-12,0.005600460000000001,110274312.85268915,0.8,1.4740726747752178
2025-08-13,0.00363972,110675680.47466534,1.2,-1.3202176112018609
2025-08-14,-0.01230812,109313470.91830151,0.8,-1.3202176112018609
2025-08-15,0.01392964,110836168.21534391,0.8,0.9306956132867708
2025-08-18,0.019083899999999997,112951354.56594871,0.8,1.4995291980956804
2025-08-19,0.00887542,113953845.27729043,0.8,1.4995291980956804
2025-08-20,0.01077606,115181818.75122923,0.8,1.4995291980956804
2025-08-21,0.0006243799999999999,115253735.97522113,0.8,1.4995291980956804
2025-08-22,0.0099205,116397110.6629633,0.8,1.4610884558222417
2025-08-25,0.00118228,116534724.63895792,0.8,-1.340721095799911
2025-08-26,0.008708859999999999,117549609.24097715,0.8,-1.340721095799911
2025-08-27,-0.018685679999999996,115353114.85857521,0.8,-1.340721095799911
2025-08-28,0.006171899999999998,116065062.74817085,0.8,1.5043187147955506
2025-08-29,-0.0037933,115624793.14564821,0.8,1.359453252537855
2025-09-01,0.0096066,116735554.28348118,0.8,0.9647724724354336
2025-09-02,-0.006281900000000001,116002233.20502779,1.0,0.9647724724354336
2025-09-03,-0.01598946,114147420.13728532,1.0,0.9647724724354336
2025-09-04,-0.00390158,113702064.8458261,0.8,-0.1627525062153274
2025-09-05,0.014702620000000001,115373783.09846964,0.8,0.9537669493378244
2025-09-08,0.00504984,115956402.24331163,0.8,1.4368277614144456
2025-09-09,-0.0050191,115374405.46481222,0.8,1.4368277614144456
2025-09-10,0.0033405600000000002,115759820.58873175,0.8,1.4368277614144456
2025-09-11,0.00432914,116260961.05843526,0.8,1.4368277614144456
2025-09-12,0.00462848,116799072.59147501,0.8,-0.1205905336872106
2025-09-15,0.00700628,117617399.5977912,1.0,-0.1205905336872106
2025-09-16,0.014604859999999999,119335185.25248098,1.0,-0.1205905336872106
2025-09-17,0.00225354,119604111.86585487,0.8,1.2045912870754392
2025-09-18,-0.01508464,117799926.89583872,1.2,-1.2422891644899097
2025-09-19,-0.012345340000000002,116345646.74633445,0.8,-1.2422891644899097
2025-09-22,-0.0005842200000000003,116277675.2925923,1.2,-1.224862638742027
2025-09-23,-0.0235339,113541208.11002396,0.8,-1.224862638742027
2025-09-24,0.010898439999999999,114778630.15413858,0.8,-1.224862638742027
2025-09-25,-0.01171368,113434150.00967465,0.8,-1.224862638742027
2025-09-26,-0.008468340000000001,112473551.05978173,0.8,-1.224862638742027
2025-09-29,8.745999999999992e-05,112483387.99655743,1.2,-1.2538790100361346
2025-09-30,0.005893820000000001,113146344.8383993,0.8,0.99106084670264
2025-10-09,0.0011135199999999998,113272335.55630377,0.8,0.9647724724354336
2025-10-10,0.00908884,114301849.69060132,1.0,0.9647724724354336
2025-10-13,-0.00173698,114103309.66372573,0.8,1.377857683262788
2025-10-14,0.00571432,114755332.48820336,0.8,1.377857683262788
2025-10-15,0.006756940000000001,115530727.38450621,0.8,1.377857683262788
2025-10-16,-0.0054846,114897087.55709316,0.8,1.467096222189716
2025-10-17,-0.00890732,113873662.4311541,0.8,1.467096222189716
2025-10-20,0.00722994,114696962.1781116,0.8,1.467096222189716
2025-10-21,0.01106278,115965829.43735637,0.8,1.3870667254729558
2025-10-22,0.004942660000000001,116539009.1038832,0.8,1.3870667254729558
2025-10-23,0.00676902,117327863.98728757,0.8,1.3870667254729558
2025-10-24,0.00399358,117796422.19834991,0.8,1.3870667254729558
2025-10-27,-0.0004761800000000003,117740329.8980275,1.2,-1.1993598410330986
2025-10-28,-0.00375656,117298031.28434576,0.8,-1.1993598410330986
2025-10-29,-0.0031640000000000006,116926900.31336209,0.8,-1.1993598410330986
2025-10-30,-0.0070706200000000006,116100154.63346842,1.2,-1.3096408379898086
2025-10-31,0.007466339999999999,116966997.86201446,0.8,-1.3096408379898086
2025-11-03,0.00691908,117776301.87758157,0.8,0.9914845137575996
2025-11-04,-0.005534200000000001,117124504.26773065,0.8,-0.2285336915706777
2025-11-05,0.00513652,117726116.62639193,1.0,-0.2285336915706777
2025-11-06,-0.0032046,117348851.513051,1.0,-0.2285336915706777
2025-11-07,0.0016388799999999997,117541172.19881871,1.0,-0.2285336915706777
2025-11-10,0.015579860000000001,119372447.20591219,0.8,0.0816302907042735
2025-11-11,0.00450818,119910599.68495694,1.0,0.0816302907042735
2025-11-12,-0.00564634,119233543.66953178,1.0,0.0816302907042735
2025-11-13,0.01038122,120471333.31774479,0.8,1.4128714140979295
2025-11-14,0.0017854999999999998,120686434.88338363,0.8,1.4128714140979295
2025-11-17,0.00272692,121015537.13639583,0.8,-1.1800005957673312
2025-11-18,-0.01425692,119290228.3046852,0.8,-1.1800005957673312
2025-11-19,-0.00659508,118503499.70579754,0.8,0.9228031102431152
2025-11-20,-0.00954152,117372796.19328468,1.0,0.9228031102431152
2025-11-21,-0.030766960000000003,113761592.06771773,1.0,0.9228031102431152
2025-11-24,0.0092858,114817959.45934014,1.0,1.0068574616492587
2025-11-25,0.007837060000000002,115717794.69670056,1.0,1.0068574616492587
2025-11-26,0.0013746199999999996,115876862.69164653,1.0,1.0068574616492587
2025-11-27,-0.00408082,115403990.0728372,1.0,1.0068574616492587
2025-11-28,0.007236380000000001,116239097.19852047,1.0,1.0068574616492587
2025-12-01,0.00549552,116877891.48195688,1.0,1.0068574616492587
2025-12-02,-0.00424678,116381536.78996913,1.0,1.0068574616492587
2025-12-03,-0.00846454,115396420.61654897,0.8,1.0058464955190922
2025-12-04,-0.004248520000000001,114906156.61563115,1.0,1.0058464955190922
2025-12-05,0.008191019999999999,115847355.2425929,1.0,1.0058464955190922
2025-12-08,0.00187342,116064385.99485147,0.8,-1.274149264440206
2025-12-09,-0.0029876000000000004,115717632.03525326,0.8,-1.274149264440206
2025-12-10,0.01128842,117023901.26707266,0.8,0.9018233784370262
2025-12-11,-0.01530934,115232342.57444862,1.0,0.9018233784370262
2025-12-12,0.0027420200000000004,115548311.96243459,1.0,0.9018233784370262
2025-12-15,0.0002654799999999999,115578987.72829437,1.0,0.9018233784370262
2025-12-16,-0.00575278,114914087.23927079,1.0,0.9018233784370262
2025-12-17,-0.0038250200000000006,114474538.55729884,1.0,0.9018233784370262
2025-12-18,0.00643188,115210825.05235477,1.0,0.9018233784370262
2025-12-19,0.018421260000000002,117333153.61545871,1.0,0.9018233784370262
2025-12-22,-0.0003029199999999999,117297611.05656552,0.8,-1.298297185580188
2025-12-23,-0.014073400000000002,115646834.85712205,0.8,-1.298297185580188
2025-12-24,0.01193338,117026892.48326935,0.8,-1.298297185580188
2025-12-25,0.00928808,118113847.62280534,0.8,-1.298297185580188
2025-12-26,0.0029157999999999996,118458243.97970392,0.8,0.9982988502455138
2025-12-29,0.00543622,119102209.05479126,0.8,1.4922723050696696
2025-12-30,-0.0003420799999999998,119061466.57111779,1.2,-1.2186205189688903
2025-12-31,0.004668880000000001,119617350.27116236,0.8,-1.2186205189688903
2026-01-05,0.015213919999999999,121437199.06879981,1.0,0.929624370171738
2026-01-06,0.01690254,123489796.18354817,1.0,0.929624370171738
2026-01-07,-0.011093400000000002,122119874.47856559,1.0,0.929624370171738
2026-01-08,0.011972860000000002,123581998.63891502,1.0,0.929624370171738
2026-01-09,0.006302160000000002,124360832.16745724,1.0,0.929624370171738
2026-01-12,0.020085119999999998,126858634.40484048,1.0,0.929624370171738
2026-01-13,-0.0076698800000000004,125885643.90199149,0.8,1.4500024221022425
2026-01-14,0.00825526,126924862.62266985,0.8,0.9982988502455138
2026-01-15,-0.00696046,126041407.19337927,0.8,0.9747466811439134
2026-01-16,-0.011266859999999998,124621316.30432847,1.0,0.9747466811439134
2026-01-19,0.00928858,125778871.37052652,1.0,0.9747466811439134
2026-01-20,0.005089360000000001,126419005.32732482,1.0,0.9747466811439134
2026-01-21,-0.0012440800000000003,126261729.9711772,0.8,0.9834074727781568
2026-01-22,0.00701912,127147976.2052525,1.2,-1.2432619593115033
2026-01-23,0.015611940000000001,129133002.78089035,0.8,-1.2432619593115033
2026-01-26,0.00130008,129300886.01514573,0.8,-1.2432619593115033
2026-01-27,-0.01180454,127774548.5341445,0.8,-1.2432619593115033
2026-01-28,-0.0031400800000000013,127373326.22978342,0.8,1.2467984433881194
2026-01-29,-0.0005404200000000001,127304491.13682231,1.0,1.2467984433881194
2026-01-30,-0.00299678,126922987.5838733,1.0,1.2467984433881194
2026-02-02,-0.02423114,123847498.9025102,1.0,1.2467984433881194
2026-02-03,0.00950508,125024679.28737848,1.0,1.2467984433881194
2026-02-04,0.010109199999999999,126288578.77523045,1.0,1.2467984433881194
2026-02-05,0.0012356399999999999,126444625.99470827,1.0,1.2467984433881194
2026-02-06,0.004776440000000001,127048581.16409445,1.0,1.2467984433881194
2026-02-09,0.00728566,127974213.92993844,1.0,0.9110308952007016
2026-02-10,0.00895166,129119795.5818065,1.0,0.9110308952007016
2026-02-11,-0.00620622,128318449.72407077,1.0,0.9110308952007016
2026-02-12,-0.01397162,126525633.10553695,0.8,0.9702403094967692
2026-02-13,-0.0036107999999999995,126068774.34951948,1.0,0.9702403094967692
2026-02-24,0.014551520000000002,127903266.64084199,0.8,-1.2112952076334709
2026-02-25,0.01150194,129374402.33954896,0.8,-1.2112952076334709
2026-02-26,-0.00336816,128938648.65256499,0.8,0.9458199775023104
2026-02-27,0.005942000000000001,129704802.10285851,0.8,0.9545113640379534
2026-03-02,-0.030022200000000002,125810778.59316607,1.0,0.9545113640379534
2026-03-03,-0.030657700000000003,121953709.48629037,1.0,0.9545113640379534
2026-03-04,-0.0154232,120072793.03414142,1.2,-1.236003342144499
2026-03-05,0.010605359999999998,121346208.23047398,0.8,-1.236003342144499
2026-03-06,0.02112372,123909491.55619621,0.8,-1.236003342144499
2026-03-09,-0.012253140000000001,122391211.20882933,0.8,-1.1403005015307597
2026-03-10,0.0116481,123816836.27611089,0.8,-1.1403005015307597
2026-03-11,-0.0002211400000000001,123789455.4209368,0.8,1.443896819912287
2026-03-12,-0.00716318,122902729.26965465,1.2,-1.2378216130152484
2026-03-13,-0.00188988,122670457.8596625,0.8,-1.2378216130152484
2026-03-16,0.005823059999999999,123384775.29600678,0.8,-1.2378216130152484
2026-03-17,-0.01022694,122122926.60214104,0.8,-1.2378216130152484
2026-03-18,-0.005733719999999999,121422707.9354238,0.8,-1.2378216130152484
2026-03-19,-0.01454344,119656804.06792745,0.8,-1.2378216130152484
2026-03-20,-0.02624466,116516451.92847808,0.8,-1.2378216130152484
2026-03-23,-0.04890712,110817967.83203778,0.8,1.449747985719506
2026-03-24,0.037414739999999995,114964193.28580183,0.8,1.449747985719506
2026-03-25,0.01820248,117056826.71480277,0.8,1.449747985719506
2026-03-26,-0.018690400000000003,114868987.80077243,0.8,1.449747985719506
2026-03-27,0.025333500000000002,117779021.30322328,0.8,1.449747985719506
2026-03-30,0.00197782,118011967.00713722,0.8,1.449747985719506
2026-03-31,-0.0119142,116605948.8298208,0.8,1.449747985719506
2026-04-01,0.01206182,118012428.79553531,0.8,-0.1335114335347423
2026-04-02,-0.025232900000000003,115034632.98098044,1.0,-0.1335114335347423
2026-04-03,-0.030192399999999994,111561461.32816549,1.0,-0.1335114335347423
2026-04-07,0.0028399800000000006,111878293.64710826,1.0,-0.1335114335347423
2026-04-08,0.0426795,116653203.28082001,1.0,-0.1335114335347423
2026-04-09,-0.020793940000000004,114227523.57099083,1.0,-0.1335114335347423
2026-04-10,0.0126657,115674295.11628392,1.0,-0.1335114335347423
